25148086,Orange,Buena Park,90620,33.843352,-118.023712,http://www.zillow.com/homedetails/6204-San-Ramon-Way-Buena-Park-CA-90620/25148086_zpid/,"$529,000"
25148867,Orange,Buena Park,90620,33.84548,-118.022206,http://www.zillow.com/homedetails/8042-San-Mateo-Cir-Buena-Park-CA-90620/25148867_zpid/,"$549,999"
25149832,Orange,Buena Park,90620,33.835957,-117.992187,http://www.zillow.com/homedetails/8699-Pinyon-St-Buena-Park-CA-90620/25149832_zpid/,"$670,000"
25148865,Orange,Buena Park,90620,33.845132,-118.021881,http://www.zillow.com/homedetails/8061-San-Miguel-Cir-Buena-Park-CA-90620/25148865_zpid/,"$499,900"
25242205,Orange,Buena Park,90620,33.840324,-118.007399,http://www.zillow.com/homedetails/7212-Santa-Lucia-Cir-Buena-Park-CA-90620/25242205_zpid/,"$559,995"
25241865,Orange,Buena Park,90620,33.824294,-118.01505,http://www.zillow.com/homedetails/3913-Solano-Dr-Buena-Park-CA-90620/25241865_zpid/,"$875,000"
25149068,Orange,Buena Park,90620,33.838218,-118.015577,http://www.zillow.com/homedetails/6739-San-Arturo-Cir-Buena-Park-CA-90620/25149068_zpid/,"$539,995"
25147896,Orange,Buena Park,90620,33.840094,-118.024337,http://www.zillow.com/homedetails/8451-San-Marino-Dr-Buena-Park-CA-90620/25147896_zpid/,"$549,000"
25239641,Orange,Buena Park,90620,33.82155,-118.017063,http://www.zillow.com/homedetails/6621-Mount-Baldy-Cir-Buena-Park-CA-90620/25239641_zpid/,"$484,995"
25148513,Orange,Buena Park,90620,33.84155,-118.016167,http://www.zillow.com/homedetails/6752-San-Diego-Dr-Buena-Park-CA-90620/25148513_zpid/,"$574,900"
25339779,Orange,Buena Park,90620,33.854646,-118.030218,http://www.zillow.com/homedetails/5876-Rio-Way-Buena-Park-CA-90620/25339779_zpid/,"$549,900"
25148492,Orange,Buena Park,90620,33.841871,-118.015806,http://www.zillow.com/homedetails/6751-San-Diego-Dr-Buena-Park-CA-90620/25148492_zpid/,"$514,995"
25243963,Orange,Buena Park,90620,33.854842,-118.008727,http://www.zillow.com/homedetails/7429-El-Cedro-Cir-Buena-Park-CA-90620/25243963_zpid/,"$549,000"
25339085,Orange,Buena Park,90620,33.836745,-118.032567,http://www.zillow.com/homedetails/8671-Los-Altos-Dr-Buena-Park-CA-90620/25339085_zpid/,"$589,900"
25242327,Orange,Buena Park,90620,33.839952,-118.006502,http://www.zillow.com/homedetails/8453-Pierce-Dr-Buena-Park-CA-90620/25242327_zpid/,"$589,000"
25239679,Orange,Buena Park,90620,33.82054,-118.017801,http://www.zillow.com/homedetails/6591-Mount-Palomar-Dr-Buena-Park-CA-90620/25239679_zpid/,"$544,900"
25336024,Orange,Buena Park,90620,33.836969,-118.026744,http://www.zillow.com/homedetails/6101-San-Rolando-Way-Buena-Park-CA-90620/25336024_zpid/,"$599,000"
25337337,Orange,Buena Park,90620,33.840353,-118.033029,http://www.zillow.com/homedetails/5738-Los-Alamos-St-Buena-Park-CA-90620/25337337_zpid/,"$569,900"
25736261,Orange,Buena Park,90620,33.833837,-118.025717,http://www.zillow.com/homedetails/8845-Hoffman-St-APT-7-Buena-Park-CA-90620/25736261_zpid/,"$445,000"
25750605,Orange,Buena Park,90621,33.864919,-117.989015,http://www.zillow.com/homedetails/6582-Indiana-St-11-Buena-Park-CA-90621/25750605_zpid/,"$369,900"
25347181,Orange,Buena Park,90621,33.862312,-117.995417,http://www.zillow.com/homedetails/7902-11th-St-Buena-Park-CA-90621/25347181_zpid/,"$675,000"
95757751,Orange,Buena Park,90621,33.876138,-118.001181,http://www.zillow.com/homedetails/5786-Kingman-Ave-Buena-Park-CA-90621/95757751_zpid/,"$499,000"
51674989,Orange,Buena Park,90621,33.87659,-117.985298,http://www.zillow.com/homedetails/61-Windward-Way-Buena-Park-CA-90621/51674989_zpid/,"$599,900"
25347173,Orange,Buena Park,90621,33.862317,-117.997044,http://www.zillow.com/homedetails/7786-11th-St-Buena-Park-CA-90621/25347173_zpid/,"$795,000"
25146829,Orange,Buena Park,90621,33.880624,-117.989626,http://www.zillow.com/homedetails/8249-Gregory-Cir-Buena-Park-CA-90621/25146829_zpid/,"$588,888"
25146231,Orange,Buena Park,90621,33.87741,-117.98259,http://www.zillow.com/homedetails/9-Woodspring-Cv-Buena-Park-CA-90621/25146231_zpid/,"$1,022,000"
25349083,Orange,Buena Park,90621,33.881059,-117.977333,http://www.zillow.com/homedetails/5480-Jonesboro-Way-Buena-Park-CA-90621/25349083_zpid/,"$988,000"
25750602,Orange,Buena Park,90621,33.864919,-117.989015,http://www.zillow.com/homedetails/6576-Indiana-St-8-Buena-Park-CA-90621/25750602_zpid/,"$415,000"
25146700,Orange,Buena Park,90621,33.886881,-117.991596,http://www.zillow.com/homedetails/8232-Inverness-Grn-Buena-Park-CA-90621/25146700_zpid/,"$509,000"
99344425,Orange,Buena Park,90621,33.881135,-117.978998,http://www.zillow.com/homedetails/5471-Rockledge-Dr-Buena-Park-CA-90621/99344425_zpid/,"$1,199,999"
25147730,Orange,Buena Park,90621,33.881048,-118.000424,http://www.zillow.com/homedetails/7631-Tulare-St-Buena-Park-CA-90621/25147730_zpid/,"$578,800"
25356592,Orange,Buena Park,90621,33.880345,-117.985628,http://www.zillow.com/homedetails/5541-Monticello-Ave-Buena-Park-CA-90621/25356592_zpid/,"$799,900"
25146697,Orange,Buena Park,90621,33.886709,-117.991595,http://www.zillow.com/homedetails/8238-Inverness-Grn-Buena-Park-CA-90621/25146697_zpid/,"$429,000"
25346986,Orange,Buena Park,90621,33.865021,-118.001419,http://www.zillow.com/homedetails/7552-9th-St-Buena-Park-CA-90621/25346986_zpid/,"$780,000"
25145301,Orange,Buena Park,90621,33.874069,-118.004286,http://www.zillow.com/homedetails/5941-Burnham-Ave-Buena-Park-CA-90621/25145301_zpid/,"$810,000"
2095221693,Orange,Buena Park,90621,33.85823,-117.993685,http://www.zillow.com/homedetails/7036-Stanton-Ave-Buena-Park-CA-90621/2095221693_zpid/,"$619,000"
25146256,Orange,Buena Park,90621,33.876459,-117.983708,http://www.zillow.com/homedetails/50-Lakeside-Dr-Buena-Park-CA-90621/25146256_zpid/,"$1,388,888"
25347209,Orange,Buena Park,90621,33.861016,-117.996189,http://www.zillow.com/homedetails/7842-Melrose-St-Buena-Park-CA-90621/25347209_zpid/,"$980,000"
79815688,Orange,Buena Park,90621,33.874577,-117.987804,http://www.zillow.com/homedetails/37-Walter-Way-Buena-Park-CA-90621/79815688_zpid/,"$568,000"
51675051,Orange,Buena Park,90621,33.877021,-117.986026,http://www.zillow.com/homedetails/12-Westshore-Way-Buena-Park-CA-90621/51675051_zpid/,"$535,000"
79806981,Orange,Buena Park,90621,33.865595,-117.990758,http://www.zillow.com/homedetails/8169-Atlantic-Way-Buena-Park-CA-90621/79806981_zpid/,"$499,000"
25347389,Orange,Buena Park,90621,33.868428,-117.995516,http://www.zillow.com/homedetails/6332-Darlington-Ave-Buena-Park-CA-90621/25347389_zpid/,"$545,000"
25152637,Orange,Buena Park,90621,33.868103,-117.988851,http://www.zillow.com/homedetails/6363-Verdi-Dr-Buena-Park-CA-90621/25152637_zpid/,"$650,000"
25147604,Orange,Buena Park,90621,33.893306,-117.986597,http://www.zillow.com/homedetails/8449-Knollwood-Ct-Buena-Park-CA-90621/25147604_zpid/,"$800,000"
25146901,Orange,Buena Park,90621,33.879213,-117.991213,http://www.zillow.com/homedetails/8190-Mammoth-Cir-Buena-Park-CA-90621/25146901_zpid/,"$600,000"
25145608,Orange,Buena Park,90621,33.8769,-117.993276,http://www.zillow.com/homedetails/8011-Franklin-St-Buena-Park-CA-90621/25145608_zpid/,$448K
25146706,Orange,Buena Park,90621,33.886781,-117.992235,http://www.zillow.com/homedetails/5140-Cameron-Dr-Buena-Park-CA-90621/25146706_zpid/,"$494,500"
25146395,Orange,Buena Park,90621,33.890794,-117.990294,http://www.zillow.com/homedetails/4828-Argyle-Dr-Buena-Park-CA-90621/25146395_zpid/,$464K
25349181,Orange,Buena Park,90621,33.877832,-117.978218,http://www.zillow.com/homedetails/19-Mariner-Cv-Buena-Park-CA-90621/25349181_zpid/,"$875,000"
25217345,Orange,Buena Park,90622,33.822835,-117.986481,http://www.zillow.com/homedetails/2835-W-Keys-Ln-Anaheim-CA-92804/25217345_zpid/,"$535,000"
21182675,Orange,Buena Park,90622,33.838342,-118.115534,http://www.zillow.com/homedetails/5917-Elkport-St-Lakewood-CA-90713/21182675_zpid/,"$645,000"
25354059,Orange,Buena Park,90622,33.890891,-117.956045,http://www.zillow.com/homedetails/1855-Conejo-Ln-Fullerton-CA-92833/25354059_zpid/,"$700,000"
2098249200,Orange,Buena Park,90622,33.823369,-117.960127,http://www.zillow.com/community/anacasa/2098249200_zpid/,"$664,696+"
2095447378,Orange,Buena Park,90622,33.92182,-117.984037,http://www.zillow.com/community/cameo-in-whittier/2095447378_zpid/,"$752,300+"
25316903,Orange,Buena Park,90622,33.800353,-118.049616,http://www.zillow.com/homedetails/11182-Midway-Dr-Los-Alamitos-CA-90720/25316903_zpid/,"$850,000"
25172573,Orange,Buena Park,90622,33.774988,-117.952281,http://www.zillow.com/homedetails/10336-Chestnut-Ct-Garden-Grove-CA-92840/25172573_zpid/,"$525,000"
21123661,Orange,Buena Park,90622,33.855649,-118.104248,http://www.zillow.com/homedetails/6632-Michelson-St-Lakewood-CA-90713/21123661_zpid/,"$679,950"
25194229,Orange,Buena Park,90622,33.763532,-117.929812,http://www.zillow.com/homedetails/11432-Woodbury-Rd-Garden-Grove-CA-92843/25194229_zpid/,"$595,000"
25174630,Orange,Buena Park,90622,33.786606,-117.928568,http://www.zillow.com/homedetails/11711-Brookshire-Ave-Garden-Grove-CA-92840/25174630_zpid/,"$595,000"
25189489,Orange,Buena Park,90622,33.767766,-117.950008,http://www.zillow.com/homedetails/13402-Deanann-Pl-Garden-Grove-CA-92843/25189489_zpid/,"$589,000"
83334472,Orange,Buena Park,90622,33.788162,-117.911895,http://www.zillow.com/homedetails/12668-Chapman-Ave-UNIT-2201-Garden-Grove-CA-92840/83334472_zpid/,"$409,000"
25355388,Orange,Buena Park,90622,33.890964,-117.960604,http://www.zillow.com/homedetails/1717-Sunrise-Ln-Fullerton-CA-92833/25355388_zpid/,"$855,000"
2095692158,Orange,Buena Park,90622,33.852994,-117.952287,http://www.zillow.com/homedetails/1919-W-Coronet-Ave-SPC-83-Anaheim-CA-92801/2095692158_zpid/,"$129,900"
2095691318,Orange,Buena Park,90622,33.831152,-118.052411,http://www.zillow.com/homedetails/9046-Kalani-St-Cypress-CA-90630/2095691318_zpid/,"$599,900"
21136605,Orange,Buena Park,90622,33.829701,-118.103255,http://www.zillow.com/homedetails/3950-Ladoga-Ave-Long-Beach-CA-90808/21136605_zpid/,"$629,900"
25339611,Orange,La Palma,90623,33.856157,-118.033768,http://www.zillow.com/homedetails/7321-Brian-Ln-La-Palma-CA-90623/25339611_zpid/,"$650,000"
25336810,Orange,La Palma,90623,33.845963,-118.039277,http://www.zillow.com/homedetails/8012-De-Vries-Ln-La-Palma-CA-90623/25336810_zpid/,"$669,000"
25339500,Orange,La Palma,90623,33.85613,-118.039244,http://www.zillow.com/homedetails/5392-Bransford-Dr-La-Palma-CA-90623/25339500_zpid/,"$699,900"
25341764,Orange,La Palma,90623,33.848674,-118.051089,http://www.zillow.com/homedetails/7841-Denise-Cir-La-Palma-CA-90623/25341764_zpid/,"$758,000"
68976308,Orange,La Palma,90623,33.849075,-118.041025,http://www.zillow.com/homedetails/5281-Duke-Dr-La-Palma-CA-90623/68976308_zpid/,"$958,500"
25337850,Orange,La Palma,90623,33.842344,-118.051534,http://www.zillow.com/homedetails/8262-Wickham-Ln-La-Palma-CA-90623/25337850_zpid/,"$809,900"
2096007775,Orange,La Palma,90623,33.842406,-118.046493,http://www.zillow.com/homedetails/8202-Sparrow-Ln-La-Palma-CA-90623/2096007775_zpid/,"$927,078"
2096007773,Orange,La Palma,90623,33.842365,-118.046493,http://www.zillow.com/homedetails/8212-Sparrow-Ln-La-Palma-CA-90623/2096007773_zpid/,"$937,278"
66669295,Orange,La Palma,90623,33.849346,-118.051868,http://www.zillow.com/homedetails/7792-Linda-Ln-La-Palma-CA-90623/66669295_zpid/,"$669,000"
25339965,Orange,La Palma,90623,33.853915,-118.038962,http://www.zillow.com/homedetails/5412-Athens-Cir-Buena-Park-CA-90623/25339965_zpid/,"$599,900"
25339611,Orange,La Palma,90623,33.856157,-118.033768,http://www.zillow.com/homedetails/7321-Brian-Ln-La-Palma-CA-90623/25339611_zpid/,"$650,000"
25336810,Orange,La Palma,90623,33.845963,-118.039277,http://www.zillow.com/homedetails/8012-De-Vries-Ln-La-Palma-CA-90623/25336810_zpid/,"$669,000"
25339500,Orange,La Palma,90623,33.85613,-118.039244,http://www.zillow.com/homedetails/5392-Bransford-Dr-La-Palma-CA-90623/25339500_zpid/,"$699,900"
25341764,Orange,La Palma,90623,33.848674,-118.051089,http://www.zillow.com/homedetails/7841-Denise-Cir-La-Palma-CA-90623/25341764_zpid/,"$758,000"
68976308,Orange,La Palma,90623,33.849075,-118.041025,http://www.zillow.com/homedetails/5281-Duke-Dr-La-Palma-CA-90623/68976308_zpid/,"$958,500"
25337850,Orange,La Palma,90623,33.842344,-118.051534,http://www.zillow.com/homedetails/8262-Wickham-Ln-La-Palma-CA-90623/25337850_zpid/,"$809,900"
2096007775,Orange,La Palma,90623,33.842406,-118.046493,http://www.zillow.com/homedetails/8202-Sparrow-Ln-La-Palma-CA-90623/2096007775_zpid/,"$927,078"
2096007773,Orange,La Palma,90623,33.842365,-118.046493,http://www.zillow.com/homedetails/8212-Sparrow-Ln-La-Palma-CA-90623/2096007773_zpid/,"$937,278"
66669295,Orange,La Palma,90623,33.849346,-118.051868,http://www.zillow.com/homedetails/7792-Linda-Ln-La-Palma-CA-90623/66669295_zpid/,"$669,000"
25339965,Orange,La Palma,90623,33.853915,-118.038962,http://www.zillow.com/homedetails/5412-Athens-Cir-Buena-Park-CA-90623/25339965_zpid/,"$599,900"
25217345,Orange,Buena Park,90624,33.822835,-117.986481,http://www.zillow.com/homedetails/2835-W-Keys-Ln-Anaheim-CA-92804/25217345_zpid/,"$535,000"
25354059,Orange,Buena Park,90624,33.890891,-117.956045,http://www.zillow.com/homedetails/1855-Conejo-Ln-Fullerton-CA-92833/25354059_zpid/,"$700,000"
2098249200,Orange,Buena Park,90624,33.823369,-117.960127,http://www.zillow.com/community/anacasa/2098249200_zpid/,"$664,696+"
2095447378,Orange,Buena Park,90624,33.92182,-117.984037,http://www.zillow.com/community/cameo-in-whittier/2095447378_zpid/,"$752,300+"
25316903,Orange,Buena Park,90624,33.800353,-118.049616,http://www.zillow.com/homedetails/11182-Midway-Dr-Los-Alamitos-CA-90720/25316903_zpid/,"$850,000"
25172573,Orange,Buena Park,90624,33.774988,-117.952281,http://www.zillow.com/homedetails/10336-Chestnut-Ct-Garden-Grove-CA-92840/25172573_zpid/,"$525,000"
21123661,Orange,Buena Park,90624,33.855649,-118.104248,http://www.zillow.com/homedetails/6632-Michelson-St-Lakewood-CA-90713/21123661_zpid/,"$679,950"
25194229,Orange,Buena Park,90624,33.763532,-117.929812,http://www.zillow.com/homedetails/11432-Woodbury-Rd-Garden-Grove-CA-92843/25194229_zpid/,"$595,000"
25174630,Orange,Buena Park,90624,33.786606,-117.928568,http://www.zillow.com/homedetails/11711-Brookshire-Ave-Garden-Grove-CA-92840/25174630_zpid/,"$595,000"
25189489,Orange,Buena Park,90624,33.767766,-117.950008,http://www.zillow.com/homedetails/13402-Deanann-Pl-Garden-Grove-CA-92843/25189489_zpid/,"$589,000"
83334472,Orange,Buena Park,90624,33.788162,-117.911895,http://www.zillow.com/homedetails/12668-Chapman-Ave-UNIT-2201-Garden-Grove-CA-92840/83334472_zpid/,"$409,000"
25355388,Orange,Buena Park,90624,33.890964,-117.960604,http://www.zillow.com/homedetails/1717-Sunrise-Ln-Fullerton-CA-92833/25355388_zpid/,"$855,000"
2095692158,Orange,Buena Park,90624,33.852994,-117.952287,http://www.zillow.com/homedetails/1919-W-Coronet-Ave-SPC-83-Anaheim-CA-92801/2095692158_zpid/,"$129,900"
2095691318,Orange,Buena Park,90624,33.831152,-118.052411,http://www.zillow.com/homedetails/9046-Kalani-St-Cypress-CA-90630/2095691318_zpid/,"$599,900"
21136605,Orange,Buena Park,90624,33.829701,-118.103255,http://www.zillow.com/homedetails/3950-Ladoga-Ave-Long-Beach-CA-90808/21136605_zpid/,"$629,900"
21141457,Orange,Buena Park,90624,33.812714,-118.103524,http://www.zillow.com/homedetails/3090-Knoxville-Ave-Long-Beach-CA-90808/21141457_zpid/,"$739,900"
2095691318,Orange,Cypress,90630,33.831152,-118.052411,http://www.zillow.com/homedetails/9046-Kalani-St-Cypress-CA-90630/2095691318_zpid/,"$599,900"
25327526,Orange,Cypress,90630,33.824441,-118.046591,http://www.zillow.com/homedetails/9480-Arbor-Ln-Cypress-CA-90630/25327526_zpid/,"$699,900"
25328710,Orange,Cypress,90630,33.820998,-118.060541,http://www.zillow.com/homedetails/4146-Paseo-De-Plata-Cypress-CA-90630/25328710_zpid/,"$889,900"
25328866,Orange,Cypress,90630,33.819247,-118.057153,http://www.zillow.com/homedetails/4366-Avenida-Carmel-Cypress-CA-90630/25328866_zpid/,"$1,279,000"
25328920,Orange,Cypress,90630,33.820011,-118.058872,http://www.zillow.com/homedetails/4226-Paseo-De-Oro-Cypress-CA-90630/25328920_zpid/,"$579,000"
25319304,Orange,Cypress,90630,33.796935,-118.018216,http://www.zillow.com/homedetails/6576-Amherst-Way-Cypress-CA-90630/25319304_zpid/,"$509,800"
25239170,Orange,Cypress,90630,33.822483,-118.027533,http://www.zillow.com/homedetails/6033-Lawrence-St-Cypress-CA-90630/25239170_zpid/,"$695,000"
25328340,Orange,Cypress,90630,33.826227,-118.061987,http://www.zillow.com/homedetails/9384-Fleetwood-St-Cypress-CA-90630/25328340_zpid/,"$949,900"
25650419,Orange,Cypress,90630,33.82993,-118.059812,http://www.zillow.com/homedetails/9080-Bloomfield-Ave-SPC-124-Cypress-CA-90630/25650419_zpid/,"$55,000"
25650479,Orange,Cypress,90630,33.829793,-118.059481,http://www.zillow.com/homedetails/9080-Bloomfield-Ave-SPC-272-Cypress-CA-90630/25650479_zpid/,"$50,000"
25330843,Orange,Cypress,90630,33.819888,-118.049246,http://www.zillow.com/homedetails/4772-Corsica-Dr-Cypress-CA-90630/25330843_zpid/,"$1,499,999"
25338782,Orange,Cypress,90630,33.837921,-118.036343,http://www.zillow.com/homedetails/8571-La-Homa-St-Cypress-CA-90630/25338782_zpid/,"$475,000"
25324470,Orange,Cypress,90630,33.813029,-118.032579,http://www.zillow.com/homedetails/5752-Marion-Cir-Cypress-CA-90630/25324470_zpid/,"$750,000"
25317643,Orange,Cypress,90630,33.792221,-118.032805,http://www.zillow.com/homedetails/5754-Apia-Dr-Cypress-CA-90630/25317643_zpid/,"$729,000"
25241343,Orange,Cypress,90630,33.807273,-118.012311,http://www.zillow.com/homedetails/10682-Pamela-St-Cypress-CA-90630/25241343_zpid/,"$625,000"
25241200,Orange,Cypress,90630,33.80958,-118.013536,http://www.zillow.com/homedetails/6832-Cerritos-Ave-Cypress-CA-90630/25241200_zpid/,"$635,000"
25318497,Orange,Cypress,90630,33.796009,-118.020059,http://www.zillow.com/homedetails/11494-Orchilla-St-Cypress-CA-90630/25318497_zpid/,"$799,900"
25650423,Orange,Cypress,90630,33.829793,-118.059481,http://www.zillow.com/homedetails/9080-Bloomfield-Ave-SPC-133-Cypress-CA-90630/25650423_zpid/,"$29,000"
69251634,Orange,Cypress,90630,33.82814,-118.059871,http://www.zillow.com/homedetails/9080-Bloomfield-Ave-SPC-134-Cypress-CA-90630/69251634_zpid/,"$39,000"
2110939498,Orange,Cypress,90630,33.829636,-118.059479,http://www.zillow.com/homedetails/9080-Bloomfield-Ave-SPC-271-Cypress-CA-90630/2110939498_zpid/,"$32,500"
61645736,Orange,Cypress,90630,33.829793,-118.059481,http://www.zillow.com/homedetails/9080-Bloomfield-Ave-SPC-28-Cypress-CA-90630/61645736_zpid/,"$70,000"
54977127,Orange,Cypress,90630,33.829793,-118.059481,http://www.zillow.com/homedetails/9080-Bloomfield-Ave-SPC-151-Cypress-CA-90630/54977127_zpid/,"$65,000"
25325992,Orange,Cypress,90630,33.815476,-118.058123,http://www.zillow.com/homedetails/4284-Dina-Ct-Cypress-CA-90630/25325992_zpid/,"$424,999"
2096748610,Orange,Cypress,90630,33.837231,-118.047348,http://www.zillow.com/homedetails/LA-Salle-Ave-14-Cypress-CA-90630/2096748610_zpid/,"$308,800"
21468622,Orange,La Habra,90631,33.955133,-117.955549,http://www.zillow.com/homedetails/180-East-Rd-La-Habra-Heights-CA-90631/21468622_zpid/,"$1,299,888"
21468710,Orange,La Habra,90631,33.965742,-117.952445,http://www.zillow.com/homedetails/615-Reposado-Dr-La-Habra-Heights-CA-90631/21468710_zpid/,"$2,580,000"
25357937,Orange,La Habra,90631,33.908825,-117.941899,http://www.zillow.com/homedetails/420-E-Country-Hills-Dr-La-Habra-CA-90631/25357937_zpid/,"$889,000"
89147402,Orange,La Habra,90631,33.957762,-117.975865,http://www.zillow.com/homedetails/1065-Picaacho-Dr-La-Habra-Heights-CA-90631/89147402_zpid/,"$2,590,000"
89135358,Orange,La Habra,90631,33.963054,-117.962558,http://www.zillow.com/homedetails/2135-Ardsheal-Dr-La-Habra-Heights-CA-90631/89135358_zpid/,"$1,838,000"
25102178,Orange,La Habra,90631,33.940633,-117.947932,http://www.zillow.com/homedetails/950-Hillside-St-La-Habra-CA-90631/25102178_zpid/,"$449,000"
21481006,Orange,La Habra,90631,33.946348,-117.940155,http://www.zillow.com/homedetails/195-Flowerfield-Ln-La-Habra-Heights-CA-90631/21481006_zpid/,"$2,900,000"
25666056,Orange,La Habra,90631,33.924213,-117.919334,http://www.zillow.com/homedetails/1400-W-Lambert-Rd-UNIT-197-La-Habra-CA-90631/25666056_zpid/,"$325,000"
25107205,Orange,La Habra,90631,33.907157,-117.963998,http://www.zillow.com/homedetails/2111-S-Ferrier-Ct-La-Habra-CA-90631/25107205_zpid/,"$899,990"
2095051296,Orange,La Habra,90631,33.9245,-117.96513,http://www.zillow.com/homedetails/1750-W-Lambert-Rd-SPC-54-La-Habra-CA-90631/2095051296_zpid/,"$124,999"
59728517,Orange,La Habra,90631,33.926402,-117.956981,http://www.zillow.com/homedetails/1001-W-Lambert-Rd-SPC-191-La-Habra-CA-90631/59728517_zpid/,"$62,500"
25730783,Orange,La Habra,90631,33.927641,-117.949372,http://www.zillow.com/homedetails/396-W-Electric-Ave-La-Habra-CA-90631/25730783_zpid/,"$355,000"
25105755,Orange,La Habra,90631,33.923652,-117.944507,http://www.zillow.com/homedetails/230-Penmar-Ave-La-Habra-CA-90631/25105755_zpid/,"$449,900"
2095048868,Orange,La Habra,90631,33.929534,-117.954216,http://www.zillow.com/homedetails/306-S-Monte-Vista-St-UNIT-A-La-Habra-CA-90631/2095048868_zpid/,"$430,000"
25680400,Orange,La Habra,90631,33.939571,-117.932396,http://www.zillow.com/homedetails/856-N-Harbor-Blvd-La-Habra-CA-90631/25680400_zpid/,"$415,000"
25753571,Orange,La Habra,90631,33.923609,-117.953392,http://www.zillow.com/homedetails/792-W-Lambert-Rd-161-La-Habra-CA-90631/25753571_zpid/,"$259,000"
25102763,Orange,La Habra,90631,33.944995,-117.957798,http://www.zillow.com/homedetails/1441-Marlei-Rd-La-Habra-CA-90631/25102763_zpid/,"$749,900"
21468196,Orange,La Habra,90631,33.947173,-117.946281,http://www.zillow.com/homedetails/1234-Hiatt-St-La-Habra-Heights-CA-90631/21468196_zpid/,"$1,179,888"
25358092,Orange,La Habra,90631,33.915414,-117.943497,http://www.zillow.com/homedetails/1311-Burwood-St-La-Habra-CA-90631/25358092_zpid/,"$1,950,000"
21467334,Orange,La Habra,90631,33.954494,-117.973647,http://www.zillow.com/homedetails/1741-Solejar-Dr-La-Habra-Heights-CA-90631/21467334_zpid/,"$1,148,200"
25362992,Orange,La Habra,90631,33.941814,-117.921939,http://www.zillow.com/homedetails/1041-Brookwood-Dr-La-Habra-CA-90631/25362992_zpid/,"$680,000"
25358093,Orange,La Habra,90631,33.915248,-117.943496,http://www.zillow.com/homedetails/1321-Burwood-St-La-Habra-CA-90631/25358093_zpid/,"$975,000"
69251087,Orange,La Habra,90631,33.926402,-117.956981,http://www.zillow.com/homedetails/1001-W-Lambert-Rd-SPC-168-La-Habra-CA-90631/69251087_zpid/,"$95,000"
25103215,Orange,La Habra,90631,33.928875,-117.959861,http://www.zillow.com/homedetails/1230-Hillandale-Ave-La-Habra-CA-90631/25103215_zpid/,"$2,525,000"
25705095,Orange,La Habra,90631,33.917844,-117.955786,http://www.zillow.com/homedetails/901-W-Imperial-Hwy-69-La-Habra-CA-90631/25705095_zpid/,"$250,000"
25105854,Orange,La Habra,90631,33.921679,-117.945354,http://www.zillow.com/homedetails/141-Pacific-Ave-La-Habra-CA-90631/25105854_zpid/,"$550,000"
25744078,Orange,La Habra,90631,33.923607,-117.956175,http://www.zillow.com/homedetails/950-W-Lambert-Rd-UNIT-33-La-Habra-CA-90631/25744078_zpid/,"$299,900"
25105842,Orange,La Habra,90631,33.922078,-117.944136,http://www.zillow.com/homedetails/260-Grace-Ave-La-Habra-CA-90631/25105842_zpid/,"$550,000"
2121566375,Orange,La Habra,90631,33.967033,-117.958786,http://www.zillow.com/homedetails/2400-Panchoy-Pl-La-Habra-Heights-CA-90631/2121566375_zpid/,"$1,800,000"
25107276,Orange,La Habra,90631,33.907414,-117.972465,http://www.zillow.com/homedetails/2060-S-Nelson-Ct-La-Habra-CA-90631/25107276_zpid/,"$1,249,000"
25364891,Orange,La Habra,90631,33.935403,-117.930295,http://www.zillow.com/homedetails/431-N-Dexter-St-La-Habra-CA-90631/25364891_zpid/,"$550,000"
25358139,Orange,La Habra,90631,33.914706,-117.944083,http://www.zillow.com/homedetails/227-Brownstone-Dr-La-Habra-CA-90631/25358139_zpid/,"$469,888"
25101580,Orange,La Habra,90631,33.941808,-117.969726,http://www.zillow.com/homedetails/9362-Randall-Ave-La-Habra-CA-90631/25101580_zpid/,"$569,900"
21468046,Orange,La Habra,90631,33.952465,-117.957222,http://www.zillow.com/homedetails/430-E-Avocado-Crest-Rd-La-Habra-Heights-CA-90631/21468046_zpid/,"$672,000"
25666079,Orange,La Habra,90631,33.924485,-117.961636,http://www.zillow.com/homedetails/1410-W-Lambert-Rd-UNIT-216-La-Habra-CA-90631/25666079_zpid/,"$239,900"
25105857,Orange,La Habra,90631,33.9218,-117.945864,http://www.zillow.com/homedetails/850-S-Euclid-St-La-Habra-CA-90631/25105857_zpid/,"$430,000"
25107097,Orange,La Habra,90631,33.909388,-117.960726,http://www.zillow.com/homedetails/1331-W-Harrison-Ave-La-Habra-CA-90631/25107097_zpid/,"$1,099,800"
122240954,Orange,La Habra,90631,33.9261,-117.94,http://www.zillow.com/homedetails/394-S-Murcia-Ct-La-Habra-CA-90631/122240954_zpid/,"$719,900"
2119245348,Orange,La Habra,90631,33.959287,-117.938641,http://www.zillow.com/homedetails/0-Tumin-La-Habra-Heights-CA-90631/2119245348_zpid/,"$349,888"
25666102,Orange,La Habra,90631,33.924485,-117.961636,http://www.zillow.com/homedetails/1430-W-Lambert-Rd-UNIT-391-La-Habra-CA-90631/25666102_zpid/,"$319,000"
25107119,Orange,La Habra,90631,33.907548,-117.959014,http://www.zillow.com/homedetails/2080-S-Watson-St-La-Habra-CA-90631/25107119_zpid/,"$1,050,000"
25753611,Orange,La Habra,90631,33.923609,-117.953392,http://www.zillow.com/homedetails/732-W-Lambert-Rd-UNIT-31-La-Habra-CA-90631/25753611_zpid/,"$259,900"
21467720,Orange,La Habra,90631,33.962729,-117.97111,http://www.zillow.com/homedetails/929-Encanada-Dr-La-Habra-Heights-CA-90631/21467720_zpid/,"$1,500,000"
25354059,Orange,La Habra,90632,33.890891,-117.956045,http://www.zillow.com/homedetails/1855-Conejo-Ln-Fullerton-CA-92833/25354059_zpid/,"$700,000"
2095447378,Orange,La Habra,90632,33.92182,-117.984037,http://www.zillow.com/community/cameo-in-whittier/2095447378_zpid/,"$752,300+"
21432504,Orange,La Habra,90632,33.946444,-118.019072,http://www.zillow.com/homedetails/9514-Mills-Ave-Whittier-CA-90603/21432504_zpid/,"$489,000"
25367377,Orange,La Habra,90632,33.916938,-117.877329,http://www.zillow.com/homedetails/236-Camphor-Cir-Brea-CA-92821/25367377_zpid/,"$779,500"
25355388,Orange,La Habra,90632,33.890964,-117.960604,http://www.zillow.com/homedetails/1717-Sunrise-Ln-Fullerton-CA-92833/25355388_zpid/,"$855,000"
2095692158,Orange,La Habra,90632,33.852994,-117.952287,http://www.zillow.com/homedetails/1919-W-Coronet-Ave-SPC-83-Anaheim-CA-92801/2095692158_zpid/,"$129,900"
2099323443,Orange,La Habra,90632,33.990165,-117.882736,http://www.zillow.com/homedetails/1560-Otterbein-Ave-SPC-57-Rowland-Heights-CA-91748/2099323443_zpid/,"$89,900"
21468622,Orange,La Habra,90632,33.955133,-117.955549,http://www.zillow.com/homedetails/180-East-Rd-La-Habra-Heights-CA-90631/21468622_zpid/,"$1,299,888"
122238437,Orange,La Habra,90632,33.933404,-117.864096,http://www.zillow.com/homedetails/2588-E-Santa-Paula-Dr-Brea-CA-92821/122238437_zpid/,"$1,988,800"
2095691318,Orange,La Habra,90632,33.831152,-118.052411,http://www.zillow.com/homedetails/9046-Kalani-St-Cypress-CA-90630/2095691318_zpid/,"$599,900"
21468710,Orange,La Habra,90632,33.965742,-117.952445,http://www.zillow.com/homedetails/615-Reposado-Dr-La-Habra-Heights-CA-90631/21468710_zpid/,"$2,580,000"
25164712,Orange,La Habra,90632,33.836228,-117.887478,http://www.zillow.com/homedetails/507-S-Plymouth-Pl-Anaheim-CA-92806/25164712_zpid/,"$574,500"
21484367,Orange,La Habra,90632,33.967896,-117.88524,http://www.zillow.com/homedetails/19015-Bramhall-Ln-Rowland-Heights-CA-91748/21484367_zpid/,"$1,458,000"
25119868,Orange,La Habra,90632,33.863734,-117.954762,http://www.zillow.com/homedetails/613-Eadington-Ave-Fullerton-CA-92833/25119868_zpid/,"$599,900"
25353486,Orange,La Habra,90632,33.887783,-117.920026,http://www.zillow.com/homedetails/124-Marion-Blvd-Fullerton-CA-92835/25353486_zpid/,"$829,000"
122240877,Orange,La Habra,90632,33.9139,-117.9024,http://www.zillow.com/homedetails/806-N-Landa-Way-Brea-CA-92821/122240877_zpid/,"$1,698,000"
25354059,Orange,La Habra,90633,33.890891,-117.956045,http://www.zillow.com/homedetails/1855-Conejo-Ln-Fullerton-CA-92833/25354059_zpid/,"$700,000"
2095447378,Orange,La Habra,90633,33.92182,-117.984037,http://www.zillow.com/community/cameo-in-whittier/2095447378_zpid/,"$752,300+"
21432504,Orange,La Habra,90633,33.946444,-118.019072,http://www.zillow.com/homedetails/9514-Mills-Ave-Whittier-CA-90603/21432504_zpid/,"$489,000"
25367377,Orange,La Habra,90633,33.916938,-117.877329,http://www.zillow.com/homedetails/236-Camphor-Cir-Brea-CA-92821/25367377_zpid/,"$779,500"
25355388,Orange,La Habra,90633,33.890964,-117.960604,http://www.zillow.com/homedetails/1717-Sunrise-Ln-Fullerton-CA-92833/25355388_zpid/,"$855,000"
2095692158,Orange,La Habra,90633,33.852994,-117.952287,http://www.zillow.com/homedetails/1919-W-Coronet-Ave-SPC-83-Anaheim-CA-92801/2095692158_zpid/,"$129,900"
2099323443,Orange,La Habra,90633,33.990165,-117.882736,http://www.zillow.com/homedetails/1560-Otterbein-Ave-SPC-57-Rowland-Heights-CA-91748/2099323443_zpid/,"$89,900"
21468622,Orange,La Habra,90633,33.955133,-117.955549,http://www.zillow.com/homedetails/180-East-Rd-La-Habra-Heights-CA-90631/21468622_zpid/,"$1,299,888"
122238437,Orange,La Habra,90633,33.933404,-117.864096,http://www.zillow.com/homedetails/2588-E-Santa-Paula-Dr-Brea-CA-92821/122238437_zpid/,"$1,988,800"
2095691318,Orange,La Habra,90633,33.831152,-118.052411,http://www.zillow.com/homedetails/9046-Kalani-St-Cypress-CA-90630/2095691318_zpid/,"$599,900"
21468710,Orange,La Habra,90633,33.965742,-117.952445,http://www.zillow.com/homedetails/615-Reposado-Dr-La-Habra-Heights-CA-90631/21468710_zpid/,"$2,580,000"
25164712,Orange,La Habra,90633,33.836228,-117.887478,http://www.zillow.com/homedetails/507-S-Plymouth-Pl-Anaheim-CA-92806/25164712_zpid/,"$574,500"
21484367,Orange,La Habra,90633,33.967896,-117.88524,http://www.zillow.com/homedetails/19015-Bramhall-Ln-Rowland-Heights-CA-91748/21484367_zpid/,"$1,458,000"
25119868,Orange,La Habra,90633,33.863734,-117.954762,http://www.zillow.com/homedetails/613-Eadington-Ave-Fullerton-CA-92833/25119868_zpid/,"$599,900"
25353486,Orange,La Habra,90633,33.887783,-117.920026,http://www.zillow.com/homedetails/124-Marion-Blvd-Fullerton-CA-92835/25353486_zpid/,"$829,000"
122240877,Orange,La Habra,90633,33.9139,-117.9024,http://www.zillow.com/homedetails/806-N-Landa-Way-Brea-CA-92821/122240877_zpid/,"$1,698,000"
25162298,Orange,Stanton,90680,33.806842,-118.010334,http://www.zillow.com/homedetails/10702-Knott-Ave-Stanton-CA-90680/25162298_zpid/,"$294,500"
25218609,Orange,Stanton,90680,33.81054,-117.98194,http://www.zillow.com/homedetails/8641-Cerritos-Ave-Stanton-CA-90680/25218609_zpid/,"$925,000"
25218669,Orange,Stanton,90680,33.812224,-117.982568,http://www.zillow.com/homedetails/8601-Harriet-Ln-Stanton-CA-90680/25218669_zpid/,"$595,000"
25232603,Orange,Stanton,90680,33.792927,-117.994081,http://www.zillow.com/homedetails/7911-Yorkshire-Ave-Stanton-CA-90680/25232603_zpid/,"$459,000"
25162794,Orange,Stanton,90680,33.808018,-117.99621,http://www.zillow.com/homedetails/10653-Braeswood-Way-Stanton-CA-90680/25162794_zpid/,"$399,900"
25739854,Orange,Stanton,90680,33.777561,-117.995857,http://www.zillow.com/homedetails/12640-Briarglen-Loop-UNIT-I-Stanton-CA-90680/25739854_zpid/,"$235,000"
25725062,Orange,Stanton,90680,33.810791,-117.997189,http://www.zillow.com/homedetails/10416-W-Briar-Oaks-Dr-APT-C-Stanton-CA-90680/25725062_zpid/,"$360,000"
25233675,Orange,Stanton,90680,33.802552,-118.008836,http://www.zillow.com/homedetails/7117-Marshall-Way-Stanton-CA-90680/25233675_zpid/,"$399,000"
25233144,Orange,Stanton,90680,33.785167,-117.990701,http://www.zillow.com/homedetails/8081-Shadow-Ln-Stanton-CA-90680/25233144_zpid/,"$569,000"
2130037328,Orange,Stanton,90680,33.809872,-118.008913,http://www.zillow.com/homedetails/7100-Cerritos-Ave-UNIT-66-Stanton-CA-90680/2130037328_zpid/,"$245,000"
79806542,Orange,Stanton,90680,33.788059,-117.984695,http://www.zillow.com/homedetails/12101-Dale-Ave-SPC-92-Stanton-CA-90680/79806542_zpid/,"$99,900"
25232891,Orange,Stanton,90680,33.788627,-117.997058,http://www.zillow.com/homedetails/7742-Santa-Gertrudes-Ave-Stanton-CA-90680/25232891_zpid/,"$459,999"
25218888,Orange,Stanton,90680,33.808039,-117.990798,http://www.zillow.com/homedetails/10622-Court-Ave-Stanton-CA-90680/25218888_zpid/,"$2,495,000"
25671038,Orange,Stanton,90680,33.809751,-117.999001,http://www.zillow.com/homedetails/7652-Cerritos-Ave-APT-G-Stanton-CA-90680/25671038_zpid/,"$305,000"
2095562024,Orange,Stanton,90680,33.8006,-117.9962,http://www.zillow.com/homedetails/1250-Beach-110-Stanton-CA-90680/2095562024_zpid/,"$79,900"
25161149,Orange,Stanton,90680,33.803348,-118.002895,http://www.zillow.com/homedetails/7421-Katella-Ave-Stanton-CA-90680/25161149_zpid/,"$3,800,000"
25739751,Orange,Stanton,90680,33.777561,-117.995857,http://www.zillow.com/homedetails/12682-Ferndale-Cir-Stanton-CA-90680/25739751_zpid/,"$373,000"
25161148,Orange,Stanton,90680,33.803345,-118.003198,http://www.zillow.com/homedetails/7401-Katella-Ave-Stanton-CA-90680/25161148_zpid/,"$3,800,000"
25231746,Orange,Stanton,90680,33.797567,-117.995553,http://www.zillow.com/homedetails/7831-Eileen-St-Stanton-CA-90680/25231746_zpid/,$486K
25316903,Orange,Los Alamitos,90720,33.800353,-118.049616,http://www.zillow.com/homedetails/11182-Midway-Dr-Los-Alamitos-CA-90720/25316903_zpid/,"$850,000"
25167137,Orange,Los Alamitos,90720,33.790991,-118.076822,http://www.zillow.com/homedetails/3236-Bostonian-Dr-Los-Alamitos-CA-90720/25167137_zpid/,"$1,450,000"
25167644,Orange,Los Alamitos,90720,33.793881,-118.083896,http://www.zillow.com/homedetails/2802-Coleridge-Dr-Los-Alamitos-CA-90720/25167644_zpid/,"$839,000"
25230095,Orange,Los Alamitos,90720,33.789371,-118.067821,http://www.zillow.com/homedetails/11932-Cherry-St-Los-Alamitos-CA-90720/25230095_zpid/,"$809,000"
25168361,Orange,Los Alamitos,90720,33.776318,-118.076753,http://www.zillow.com/homedetails/3172-Yellowtail-Dr-Los-Alamitos-CA-90720/25168361_zpid/,"$949,900"
25165544,Orange,Los Alamitos,90720,33.79778,-118.076974,http://www.zillow.com/homedetails/11362-Baskerville-Rd-Los-Alamitos-CA-90720/25165544_zpid/,"$1,289,000"
25166639,Orange,Los Alamitos,90720,33.777801,-118.082386,http://www.zillow.com/homedetails/12752-Christy-Ln-Rossmoor-CA-90720/25166639_zpid/,"$1,875,000"
25167529,Orange,Los Alamitos,90720,33.795065,-118.08491,http://www.zillow.com/homedetails/2712-Silverwood-Dr-Los-Alamitos-CA-90720/25167529_zpid/,"$1,695,000"
25768767,Orange,Los Alamitos,90720,33.80833,-118.074828,http://www.zillow.com/homedetails/10633-Walnut-St-Los-Alamitos-CA-90720/25768767_zpid/,"$569,000"
25317168,Orange,Los Alamitos,90720,33.800236,-118.043438,http://www.zillow.com/homedetails/5122-Tripoli-Ave-Los-Alamitos-CA-90720/25317168_zpid/,"$725,000"
25326858,Orange,Los Alamitos,90720,33.815375,-118.068787,http://www.zillow.com/homedetails/3672-Fenley-Dr-Los-Alamitos-CA-90720/25326858_zpid/,"$925,000"
25326888,Orange,Los Alamitos,90720,33.816788,-118.067619,http://www.zillow.com/homedetails/3762-Toland-Ave-Los-Alamitos-CA-90720/25326888_zpid/,"$1,049,000"
25166991,Orange,Los Alamitos,90720,33.78755,-118.081567,http://www.zillow.com/homedetails/3011-Oak-Knoll-Dr-Los-Alamitos-CA-90720/25166991_zpid/,"$1,259,000"
25165497,Orange,Los Alamitos,90720,33.797757,-118.079311,http://www.zillow.com/homedetails/11371-Donovan-Rd-Los-Alamitos-CA-90720/25165497_zpid/,"$1,275,000"
25168265,Orange,Los Alamitos,90720,33.77591,-118.084076,http://www.zillow.com/homedetails/12861-Spur-Ln-Los-Alamitos-CA-90720/25168265_zpid/,"$1,099,999"
25326724,Orange,Los Alamitos,90720,33.812183,-118.064092,http://www.zillow.com/homedetails/3972-Marion-Ave-Los-Alamitos-CA-90720/25326724_zpid/,"$885,000"
25326934,Orange,Los Alamitos,90720,33.817334,-118.066348,http://www.zillow.com/homedetails/3881-Toland-Ave-Los-Alamitos-CA-90720/25326934_zpid/,$781K
25165825,Orange,Los Alamitos,90720,33.792737,-118.075768,http://www.zillow.com/homedetails/3291-Rossmoor-Way-Los-Alamitos-CA-90720/25165825_zpid/,"$1,268,000"
25167030,Orange,Los Alamitos,90720,33.786424,-118.08159,http://www.zillow.com/homedetails/12142-Ballantine-Dr-Los-Alamitos-CA-90720/25167030_zpid/,"$1,650,000"
25230179,Orange,Los Alamitos,90720,33.79006,-118.070495,http://www.zillow.com/homedetails/11891-Pine-St-Los-Alamitos-CA-90720/25230179_zpid/,"$1,249,000"
25316210,Orange,Los Alamitos,90720,33.797571,-118.064561,http://www.zillow.com/homedetails/3932-Denwood-Ave-Los-Alamitos-CA-90720/25316210_zpid/,"$925,000"
25230104,Orange,Los Alamitos,90720,33.790608,-118.068439,http://www.zillow.com/homedetails/11861-Cherry-St-Los-Alamitos-CA-90720/25230104_zpid/,"$1,149,000"
25167606,Orange,Los Alamitos,90720,33.793209,-118.087079,http://www.zillow.com/homedetails/11671-Martha-Ann-Dr-Los-Alamitos-CA-90720/25167606_zpid/,"$840,000"
25165670,Orange,Los Alamitos,90720,33.794927,-118.077474,http://www.zillow.com/homedetails/3211-Orangewood-Ave-Los-Alamitos-CA-90720/25165670_zpid/,"$1,099,999"
25650355,Orange,Los Alamitos,90720,33.807133,-118.078073,http://www.zillow.com/homedetails/10681-Oak-St-SPC-68-Los-Alamitos-CA-90720/25650355_zpid/,"$75,000"
25165654,Orange,Los Alamitos,90720,33.795183,-118.077893,http://www.zillow.com/homedetails/11522-Harrisburg-Rd-Los-Alamitos-CA-90720/25165654_zpid/,"$949,000"
25166578,Orange,Los Alamitos,90720,33.778953,-118.07986,http://www.zillow.com/homedetails/3101-Tigertail-Dr-Los-Alamitos-CA-90720/25166578_zpid/,"$2,499,000"
25166706,Orange,Los Alamitos,90720,33.782573,-118.082945,http://www.zillow.com/homedetails/12401-Bellwood-Rd-Los-Alamitos-CA-90720/25166706_zpid/,"$1,699,999"
25326763,Orange,Los Alamitos,90720,33.810564,-118.064261,http://www.zillow.com/homedetails/10491-Sierra-Cir-Los-Alamitos-CA-90720/25326763_zpid/,"$885,000"
25166091,Orange,Los Alamitos,90720,33.788882,-118.07757,http://www.zillow.com/homedetails/3192-Oak-Knoll-Dr-Los-Alamitos-CA-90720/25166091_zpid/,"$980,000"
25166778,Orange,Los Alamitos,90720,33.779994,-118.084943,http://www.zillow.com/homedetails/12591-Foster-Rd-Los-Alamitos-CA-90720/25166778_zpid/,"$1,160,000"
25167438,Orange,Los Alamitos,90720,33.794779,-118.083835,http://www.zillow.com/homedetails/2812-Silverwood-Dr-Los-Alamitos-CA-90720/25167438_zpid/,$863K
25167504,Orange,Los Alamitos,90720,33.798216,-118.084162,http://www.zillow.com/homedetails/11362-Martha-Ann-Dr-Los-Alamitos-CA-90720/25167504_zpid/,"$1,200,000"
25752006,Orange,Los Alamitos,90720,33.800334,-118.064899,http://www.zillow.com/homedetails/3892-Howard-Ave-4-Los-Alamitos-CA-90720/25752006_zpid/,"$499,900"
25230177,Orange,Los Alamitos,90720,33.790393,-118.070495,http://www.zillow.com/homedetails/11871-Pine-St-Los-Alamitos-CA-90720/25230177_zpid/,"$1,395,000"
25165934,Orange,Los Alamitos,90720,33.787774,-118.072857,http://www.zillow.com/homedetails/12051-Davenport-Rd-Los-Alamitos-CA-90720/25165934_zpid/,"$1,079,000"
2095915113,Orange,Los Alamitos,90720,33.786521,-118.074531,http://www.zillow.com/homedetails/12100-Montecito-Rd-12100-Montecito-Rd-UNIT-127-Los-Alamitos-CA-90720/2095915113_zpid/,$439K
25166399,Orange,Los Alamitos,90720,33.780455,-118.077156,http://www.zillow.com/homedetails/3232-Brimhall-Dr-Los-Alamitos-CA-90720/25166399_zpid/,"$1,799,000"
25217345,Orange,Los Alamitos,90721,33.822835,-117.986481,http://www.zillow.com/homedetails/2835-W-Keys-Ln-Anaheim-CA-92804/25217345_zpid/,"$535,000"
21182675,Orange,Los Alamitos,90721,33.838342,-118.115534,http://www.zillow.com/homedetails/5917-Elkport-St-Lakewood-CA-90713/21182675_zpid/,"$645,000"
2098249200,Orange,Los Alamitos,90721,33.823369,-117.960127,http://www.zillow.com/community/anacasa/2098249200_zpid/,"$664,696+"
25316903,Orange,Los Alamitos,90721,33.800353,-118.049616,http://www.zillow.com/homedetails/11182-Midway-Dr-Los-Alamitos-CA-90720/25316903_zpid/,"$850,000"
25265059,Orange,Los Alamitos,90721,33.729306,-118.031112,http://www.zillow.com/homedetails/5591-Castle-Dr-Huntington-Beach-CA-92649/25265059_zpid/,"$744,950"
21123661,Orange,Los Alamitos,90721,33.855649,-118.104248,http://www.zillow.com/homedetails/6632-Michelson-St-Lakewood-CA-90713/21123661_zpid/,"$679,950"
21175769,Orange,Los Alamitos,90721,33.8657,-118.12599,http://www.zillow.com/homedetails/6052-Amos-Ave-Lakewood-CA-90712/21175769_zpid/,"$455,000"
21232302,Orange,Los Alamitos,90721,33.76534,-118.17222,http://www.zillow.com/homedetails/1635-E-Ocean-Blvd-APT-3D-Long-Beach-CA-90802/21232302_zpid/,"$599,000"
25355388,Orange,Los Alamitos,90721,33.890964,-117.960604,http://www.zillow.com/homedetails/1717-Sunrise-Ln-Fullerton-CA-92833/25355388_zpid/,"$855,000"
66108113,Orange,Los Alamitos,90721,33.87817,-118.12767,http://www.zillow.com/homedetails/9640-Park-St-APT-3-Bellflower-CA-90706/66108113_zpid/,"$285,000"
21228525,Orange,Los Alamitos,90721,33.777719,-118.165164,http://www.zillow.com/homedetails/826-Dawson-Ave-Long-Beach-CA-90804/21228525_zpid/,"$588,900"
2095691318,Orange,Los Alamitos,90721,33.831152,-118.052411,http://www.zillow.com/homedetails/9046-Kalani-St-Cypress-CA-90630/2095691318_zpid/,"$599,900"
21224111,Orange,Los Alamitos,90721,33.764143,-118.147291,http://www.zillow.com/homedetails/225-Mira-Mar-Ave-Long-Beach-CA-90803/21224111_zpid/,"$1,299,500"
21136605,Orange,Los Alamitos,90721,33.829701,-118.103255,http://www.zillow.com/homedetails/3950-Ladoga-Ave-Long-Beach-CA-90808/21136605_zpid/,"$629,900"
21216908,Orange,Los Alamitos,90721,33.754026,-118.124082,http://www.zillow.com/homedetails/47-The-Colonnade-Long-Beach-CA-90803/21216908_zpid/,"$2,149,000"
21141457,Orange,Los Alamitos,90721,33.812714,-118.103524,http://www.zillow.com/homedetails/3090-Knoxville-Ave-Long-Beach-CA-90808/21141457_zpid/,"$739,900"
2106965788,Orange,Seal Beach,90740,33.773161,-118.082725,http://www.zillow.com/homedetails/13048-Del-Monte-Dr-APT-42K-Seal-Beach-CA-90740/2106965788_zpid/,"$241,500"
2095018493,Orange,Seal Beach,90740,33.761898,-118.086029,http://www.zillow.com/homedetails/1482-Merion-Way-M2-31-I-Seal-Beach-CA-90740/2095018493_zpid/,"$127,000"
2094999801,Orange,Seal Beach,90740,33.762776,-118.090052,http://www.zillow.com/homedetails/13801-El-Dorado-Dr-APT-11D-Seal-Beach-CA-90740/2094999801_zpid/,"$165,000"
2095006323,Orange,Seal Beach,90740,33.762776,-118.090052,http://www.zillow.com/homedetails/13801-Unit-D-El-Dorado-D-Seal-Beach-CA-90740/2095006323_zpid/,"$165,000"
2095106040,Orange,Seal Beach,90740,33.763996,-118.086479,http://www.zillow.com/homedetails/13681-Cedar-Crest-Ln-APT-93D-Seal-Beach-CA-90740/2095106040_zpid/,"$148,000"
2095052364,Orange,Seal Beach,90740,33.772082,-118.094038,http://www.zillow.com/homedetails/1100-Brookline-Rd-APT-222A-Seal-Beach-CA-90740/2095052364_zpid/,"$209,000"
2095048352,Orange,Seal Beach,90740,33.765483,-118.086038,http://www.zillow.com/homedetails/1551-Homewood-Rd-APT-113I-Seal-Beach-CA-90740/2095048352_zpid/,"$205,000"
2095106004,Orange,Seal Beach,90740,33.762928,-118.088324,http://www.zillow.com/homedetails/13783-Alderwood-Ln-Seal-Beach-CA-90740/2095106004_zpid/,"$145,500"
2099688200,Orange,Seal Beach,90740,33.760135,-118.083854,http://www.zillow.com/homedetails/1602-Monterey-Rd-M2-13-A-Seal-Beach-CA-90740/2099688200_zpid/,"$225,000"
25308275,Orange,Seal Beach,90740,33.749257,-118.09289,http://www.zillow.com/homedetails/1709-Crestview-Ave-Seal-Beach-CA-90740/25308275_zpid/,"$1,275,000"
2095082861,Orange,Seal Beach,90740,33.771009,-118.083308,http://www.zillow.com/homedetails/1661-Interlachen-Rd-APT-286B-Seal-Beach-CA-90740/2095082861_zpid/,"$210,000"
25314905,Orange,Seal Beach,90740,33.77506,-118.053743,http://www.zillow.com/homedetails/3530-Goldenrod-Cir-Seal-Beach-CA-90740/25314905_zpid/,"$849,000"
25729605,Orange,Seal Beach,90740,33.785224,-118.074842,http://www.zillow.com/homedetails/12200-Montecito-Rd-APT-H204-Seal-Beach-CA-90740/25729605_zpid/,"$455,000"
2095035949,Orange,Seal Beach,90740,33.760807,-118.083902,http://www.zillow.com/homedetails/1583-Monterey-Rd-APT-21F-Seal-Beach-CA-90740/2095035949_zpid/,"$439,000"
2095049985,Orange,Seal Beach,90740,33.771113,-118.079479,http://www.zillow.com/homedetails/1901-Mckinney-Way-APT-16C-Seal-Beach-CA-90740/2095049985_zpid/,"$349,900"
25722311,Orange,Seal Beach,90740,33.781797,-118.075802,http://www.zillow.com/homedetails/12540-Montecito-Rd-1-Seal-Beach-CA-90740/25722311_zpid/,"$579,900"
2095107159,Orange,Seal Beach,90740,33.77361,-118.091742,http://www.zillow.com/homedetails/1201-Scioto-Rd-APT-226A-Seal-Beach-CA-90740/2095107159_zpid/,"$497,990"
25314270,Orange,Seal Beach,90740,33.776513,-118.043167,http://www.zillow.com/homedetails/3630-Wisteria-St-Seal-Beach-CA-90740/25314270_zpid/,"$825,000"
2134262251,Orange,Seal Beach,90740,33.772563,-118.094387,http://www.zillow.com/homedetails/1060-Brookline-Rd-APT-212I-Seal-Beach-CA-90740/2134262251_zpid/,"$199,000"
2108699601,Orange,Seal Beach,90740,33.767891,-118.086791,http://www.zillow.com/homedetails/13451-Danbury-Ln-UNIT-133D-Seal-Beach-CA-90740/2108699601_zpid/,"$270,000"
2095338592,Orange,Seal Beach,90740,33.768249,-118.089874,http://www.zillow.com/homedetails/13421-S-Fairfield-M6-55G-Seal-Beach-CA-90740/2095338592_zpid/,"$319,000"
2095275593,Orange,Seal Beach,90740,33.773034,-118.080221,http://www.zillow.com/homedetails/1881-Saint-John-Rd-APT-37H-Seal-Beach-CA-90740/2095275593_zpid/,"$252,000"
2097518927,Orange,Seal Beach,90740,33.767898,-118.092834,http://www.zillow.com/homedetails/13381-El-Dorado-Dr-APT-202A-Seal-Beach-CA-90740/2097518927_zpid/,"$309,000"
2095261235,Orange,Seal Beach,90740,33.76882,-118.081076,http://www.zillow.com/homedetails/1781-Sunningdale-Rd-APT-48C-Seal-Beach-CA-90740/2095261235_zpid/,"$220,000"
2095192495,Orange,Seal Beach,90740,33.773034,-118.080221,http://www.zillow.com/homedetails/1881-Saint-John-Rd-APT-37K-Seal-Beach-CA-90740/2095192495_zpid/,"$259,000"
2095276554,Orange,Seal Beach,90740,33.767156,-118.086998,http://www.zillow.com/homedetails/1440-Pelham-Rd-5-105-E-Seal-Beach-CA-90740/2095276554_zpid/,"$260,000"
2095116064,Orange,Seal Beach,90740,33.770121,-118.080443,http://www.zillow.com/homedetails/13271-Del-Monte-Dr-APT-33J-Seal-Beach-CA-90740/2095116064_zpid/,"$279,000"
25132589,Orange,Seal Beach,90740,33.740774,-118.09889,http://www.zillow.com/homedetails/243-15th-St-Seal-Beach-CA-90740/25132589_zpid/,"$2,188,000"
25169291,Orange,Seal Beach,90740,33.780729,-118.094452,http://www.zillow.com/homedetails/241-Harvard-Ln-Seal-Beach-CA-90740/25169291_zpid/,"$920,000"
2095187401,Orange,Seal Beach,90740,33.768079,-118.085137,http://www.zillow.com/homedetails/13410-Saint-Andrews-Dr-Seal-Beach-CA-90740/2095187401_zpid/,"$275,000"
25314261,Orange,Seal Beach,90740,33.778142,-118.049584,http://www.zillow.com/homedetails/4617-Elder-Ave-Seal-Beach-CA-90740/25314261_zpid/,"$879,000"
2095296848,Orange,Seal Beach,90740,33.760836,-118.081607,http://www.zillow.com/homedetails/13983-Thunderbird-Dr-M-Seal-Beach-CA-90740/2095296848_zpid/,"$319,000"
25133122,Orange,Seal Beach,90740,33.747021,-118.108202,http://www.zillow.com/homedetails/218-Electric-Ave-Seal-Beach-CA-90740/25133122_zpid/,"$1,995,000"
25314494,Orange,Seal Beach,90740,33.776356,-118.049536,http://www.zillow.com/homedetails/3630-Marigold-St-Seal-Beach-CA-90740/25314494_zpid/,"$899,000"
25751418,Orange,Seal Beach,90740,33.766044,-118.078308,http://www.zillow.com/homedetails/13650-Del-Monte-Dr-APT-B26-Seal-Beach-CA-90740/25751418_zpid/,"$330,000"
25314404,Orange,Seal Beach,90740,33.775466,-118.04695,http://www.zillow.com/homedetails/3561-Rose-Cir-Seal-Beach-CA-90740/25314404_zpid/,"$849,900"
2095337283,Orange,Seal Beach,90740,33.768247,-118.084298,http://www.zillow.com/homedetails/1570-Glenview-Rd-APT-71G-Seal-Beach-CA-90740/2095337283_zpid/,"$379,500"
61641805,Orange,Seal Beach,90740,33.751351,-118.090855,http://www.zillow.com/homedetails/937-Blue-Heron-Seal-Beach-CA-90740/61641805_zpid/,"$1,425,000"
25308157,Orange,Seal Beach,90740,33.744025,-118.109808,http://www.zillow.com/homedetails/304-Central-Ave-Seal-Beach-CA-90740/25308157_zpid/,"$1,199,000"
51625356,Orange,Seal Beach,90740,33.749238,-118.100528,http://www.zillow.com/homedetails/811-Avalon-Dr-Seal-Beach-CA-90740/51625356_zpid/,"$1,999,900"
2096531793,Orange,Seal Beach,90740,33.762274,-118.088151,http://www.zillow.com/homedetails/1381-Golden-Rain-Rd-APT-21E-Seal-Beach-CA-90740/2096531793_zpid/,"$179,888"
2114240200,Orange,Seal Beach,90740,33.76621,-118.090803,http://www.zillow.com/homedetails/1241-Knollwood-Rd-APT-46B-Seal-Beach-CA-90740/2114240200_zpid/,"$189,900"
25307565,Orange,Seal Beach,90740,33.74001,-118.102546,http://www.zillow.com/homedetails/143-12th-St-Seal-Beach-CA-90740/25307565_zpid/,"$1,379,000"
2097995767,Orange,Sunset Beach,90742,33.718479,-118.072563,http://www.zillow.com/homedetails/16746-Pacific-Coast-Huntington-Beach-CA-90742/2097995767_zpid/,"$1,800,000"
25298734,Orange,Sunset Beach,90742,33.724136,-118.058322,http://www.zillow.com/homedetails/16372-Ardsley-Cir-Huntington-Beach-CA-92649/25298734_zpid/,"$2,500,000"
25682152,Orange,Sunset Beach,90742,33.715237,-118.066414,http://www.zillow.com/homedetails/16862-Pacific-Coast-Hwy-UNIT-205-Huntington-Beach-CA-92649/25682152_zpid/,"$345,000"
25301538,Orange,Sunset Beach,90742,33.729039,-118.061389,http://www.zillow.com/homedetails/3856-Montego-Dr-Huntington-Beach-CA-92649/25301538_zpid/,"$1,399,000"
25301765,Orange,Sunset Beach,90742,33.717138,-118.063416,http://www.zillow.com/homedetails/16872-Coral-Cay-Ln-Huntington-Beach-CA-92649/25301765_zpid/,"$3,700,000"
25302175,Orange,Sunset Beach,90742,33.727266,-118.070884,http://www.zillow.com/homedetails/3303-Tempe-Dr-Huntington-Beach-CA-92649/25302175_zpid/,"$714,900"
25301505,Orange,Sunset Beach,90742,33.729102,-118.063841,http://www.zillow.com/homedetails/3702-Montego-Dr-Huntington-Beach-CA-92649/25301505_zpid/,"$899,000"
25301957,Orange,Sunset Beach,90742,33.727415,-118.066267,http://www.zillow.com/homedetails/3562-Windspun-Dr-Huntington-Beach-CA-92649/25301957_zpid/,"$1,488,000"
25299846,Orange,Sunset Beach,90742,33.713992,-118.056974,http://www.zillow.com/homedetails/16995-Edgewater-Ln-Huntington-Beach-CA-92649/25299846_zpid/,"$2,200,000"
2097995767,Orange,Sunset Beach,90742,33.718479,-118.072563,http://www.zillow.com/homedetails/16746-Pacific-Coast-Huntington-Beach-CA-90742/2097995767_zpid/,"$1,800,000"
25298734,Orange,Sunset Beach,90742,33.724136,-118.058322,http://www.zillow.com/homedetails/16372-Ardsley-Cir-Huntington-Beach-CA-92649/25298734_zpid/,"$2,500,000"
25682152,Orange,Sunset Beach,90742,33.715237,-118.066414,http://www.zillow.com/homedetails/16862-Pacific-Coast-Hwy-UNIT-205-Huntington-Beach-CA-92649/25682152_zpid/,"$345,000"
25301538,Orange,Sunset Beach,90742,33.729039,-118.061389,http://www.zillow.com/homedetails/3856-Montego-Dr-Huntington-Beach-CA-92649/25301538_zpid/,"$1,399,000"
25301765,Orange,Sunset Beach,90742,33.717138,-118.063416,http://www.zillow.com/homedetails/16872-Coral-Cay-Ln-Huntington-Beach-CA-92649/25301765_zpid/,"$3,700,000"
25302175,Orange,Sunset Beach,90742,33.727266,-118.070884,http://www.zillow.com/homedetails/3303-Tempe-Dr-Huntington-Beach-CA-92649/25302175_zpid/,"$714,900"
25301505,Orange,Sunset Beach,90742,33.729102,-118.063841,http://www.zillow.com/homedetails/3702-Montego-Dr-Huntington-Beach-CA-92649/25301505_zpid/,"$899,000"
25301957,Orange,Sunset Beach,90742,33.727415,-118.066267,http://www.zillow.com/homedetails/3562-Windspun-Dr-Huntington-Beach-CA-92649/25301957_zpid/,"$1,488,000"
25299846,Orange,Sunset Beach,90742,33.713992,-118.056974,http://www.zillow.com/homedetails/16995-Edgewater-Ln-Huntington-Beach-CA-92649/25299846_zpid/,"$2,200,000"
2095157485,Orange,Surfside,90743,33.728417,-118.083803,http://www.zillow.com/homedetails/13-C-Pacific-Surfside-CA-90743/2095157485_zpid/,"$1,050,000"
2097287548,Orange,Surfside,90743,33.727142,-118.082534,http://www.zillow.com/homedetails/62-Surfside-Ave-B-Surfside-CA-90743/2097287548_zpid/,"$1,650,000"
2097723464,Orange,Surfside,90743,33.724689,-118.079569,http://www.zillow.com/homedetails/12-B-Surfside-Ave-Surfside-CA-90743/2097723464_zpid/,"$1,550,000"
2096558226,Orange,Surfside,90743,33.725744,-118.080797,http://www.zillow.com/homedetails/33-Surfside-Ave-B-Surfside-CA-90743/2096558226_zpid/,"$959,000"
2097148601,Orange,Surfside,90743,33.728088,-118.083549,http://www.zillow.com/homedetails/81-Surfside-Ave-B-Surfside-CA-90743/2097148601_zpid/,"$1,196,000"
2097100108,Orange,Surfside,90743,33.72786,-118.08453,http://www.zillow.com/homedetails/34-Pacific-Ave-Surfside-CA-90743/2097100108_zpid/,"$1,075,000"
2095157485,Orange,Surfside,90743,33.728417,-118.083803,http://www.zillow.com/homedetails/13-C-Pacific-Surfside-CA-90743/2095157485_zpid/,"$1,050,000"
2097287548,Orange,Surfside,90743,33.727142,-118.082534,http://www.zillow.com/homedetails/62-Surfside-Ave-B-Surfside-CA-90743/2097287548_zpid/,"$1,650,000"
2097723464,Orange,Surfside,90743,33.724689,-118.079569,http://www.zillow.com/homedetails/12-B-Surfside-Ave-Surfside-CA-90743/2097723464_zpid/,"$1,550,000"
2096558226,Orange,Surfside,90743,33.725744,-118.080797,http://www.zillow.com/homedetails/33-Surfside-Ave-B-Surfside-CA-90743/2096558226_zpid/,"$959,000"
2097148601,Orange,Surfside,90743,33.728088,-118.083549,http://www.zillow.com/homedetails/81-Surfside-Ave-B-Surfside-CA-90743/2097148601_zpid/,"$1,196,000"
2097100108,Orange,Surfside,90743,33.72786,-118.08453,http://www.zillow.com/homedetails/34-Pacific-Ave-Surfside-CA-90743/2097100108_zpid/,"$1,075,000"
