2097026950,San Bernardino,Rancho Cucamonga,91701,34.1329,-117.5524,http://www.zillow.com/community/meadow-lane-estates/2097026950_zpid/,"$743,360+"
2097026945,San Bernardino,Rancho Cucamonga,91701,34.1329,-117.5524,http://www.zillow.com/community/meadow-lane-estates/2097026945_zpid/,"$731,888+"
59198635,San Bernardino,Rancho Cucamonga,91701,34.122073,-117.546911,http://www.zillow.com/homedetails/11832-Larino-Dr-Rancho-Cucamonga-CA-91701/59198635_zpid/,"$499,900"
17598282,San Bernardino,Rancho Cucamonga,91701,34.129006,-117.563292,http://www.zillow.com/homedetails/11084-Delaware-St-Rancho-Cucamonga-CA-91701/17598282_zpid/,"$469,000"
2097026948,San Bernardino,Rancho Cucamonga,91701,34.1257,-117.5897,http://www.zillow.com/community/arabella-estates/2097026948_zpid/,"$719,908+"
17292727,San Bernardino,Rancho Cucamonga,91701,34.129089,-117.611546,http://www.zillow.com/homedetails/6894-Charloma-St-Rancho-Cucamonga-CA-91701/17292727_zpid/,"$419,900"
17596291,San Bernardino,Rancho Cucamonga,91701,34.122112,-117.584953,http://www.zillow.com/homedetails/7294-Hermosa-Ave-Rancho-Cucamonga-CA-91701/17596291_zpid/,"$344,800"
17592061,San Bernardino,Rancho Cucamonga,91701,34.144462,-117.627239,http://www.zillow.com/homedetails/6057-Peridot-Ave-Rancho-Cucamonga-CA-91701/17592061_zpid/,"$660,000"
17597103,San Bernardino,Rancho Cucamonga,91701,34.135701,-117.566689,http://www.zillow.com/homedetails/10930-San-Mateo-Pl-Rancho-Cucamonga-CA-91701/17597103_zpid/,"$489,000"
17289777,San Bernardino,Rancho Cucamonga,91701,34.135794,-117.602501,http://www.zillow.com/homedetails/9318-Highland-Ave-Rancho-Cucamonga-CA-91701/17289777_zpid/,"$559,900"
17595968,San Bernardino,Rancho Cucamonga,91701,34.126709,-117.590234,http://www.zillow.com/homedetails/9854-Yale-Dr-Rancho-Cucamonga-CA-91701/17595968_zpid/,"$439,000"
17292863,San Bernardino,Rancho Cucamonga,91701,34.128423,-117.611061,http://www.zillow.com/homedetails/8921-Avalon-St-Rancho-Cucamonga-CA-91701/17292863_zpid/,"$419,500"
17597308,San Bernardino,Rancho Cucamonga,91701,34.131471,-117.568313,http://www.zillow.com/homedetails/10848-Gala-Ave-Rancho-Cucamonga-CA-91701/17597308_zpid/,"$555,000"
17591533,San Bernardino,Rancho Cucamonga,91701,34.146205,-117.627131,http://www.zillow.com/homedetails/8216-Sunflower-Ave-Alta-Loma-CA-91701/17591533_zpid/,"$699,000"
17595699,San Bernardino,Rancho Cucamonga,91701,34.130567,-117.578957,http://www.zillow.com/homedetails/10362-Mignonette-St-Alta-Loma-CA-91701/17595699_zpid/,"$539,999"
17598029,San Bernardino,Rancho Cucamonga,91701,34.131267,-117.564699,http://www.zillow.com/homedetails/11021-Carlow-Ct-Rancho-Cucamonga-CA-91701/17598029_zpid/,"$450,000"
64893592,San Bernardino,Rancho Cucamonga,91701,34.1314,-117.600323,http://www.zillow.com/homedetails/6772-Huber-Pl-Rancho-Cucamonga-CA-91701/64893592_zpid/,"$799,888"
2097026951,San Bernardino,Rancho Cucamonga,91701,34.1257,-117.5897,http://www.zillow.com/community/arabella-estates/2097026951_zpid/,"$849,121+"
2094988068,San Bernardino,Rancho Cucamonga,91701,34.1288,-117.5903,http://www.zillow.com/homedetails/9892-La-Vine-Ct-Rancho-Cucamonga-CA-91701/2094988068_zpid/,"$694,665"
2094988848,San Bernardino,Rancho Cucamonga,91701,34.1288,-117.5903,http://www.zillow.com/homedetails/9842-La-Vine-Ct-Rancho-Cucamonga-CA-91701/2094988848_zpid/,"$719,908"
2094990427,San Bernardino,Rancho Cucamonga,91701,34.1288,-117.5903,http://www.zillow.com/homedetails/9738-La-Vine-Ct-Rancho-Cucamonga-CA-91701/2094990427_zpid/,"$719,180"
17591400,San Bernardino,Rancho Cucamonga,91701,34.147826,-117.615994,http://www.zillow.com/homedetails/5877-Carnelian-St-Rancho-Cucamonga-CA-91701/17591400_zpid/,"$799,000"
17593784,San Bernardino,Rancho Cucamonga,91701,34.137587,-117.625971,http://www.zillow.com/homedetails/6431-Aquamarine-Ave-Rancho-Cucamonga-CA-91701/17593784_zpid/,"$685,000"
17288630,San Bernardino,Rancho Cucamonga,91701,34.133093,-117.603201,http://www.zillow.com/homedetails/6690-Hellman-Ave-Alta-Loma-CA-91701/17288630_zpid/,"$449,900"
59197620,San Bernardino,Rancho Cucamonga,91701,34.128032,-117.557911,http://www.zillow.com/homedetails/11329-Napoli-Dr-Rancho-Cucamonga-CA-91701/59197620_zpid/,"$530,000"
17592745,San Bernardino,Rancho Cucamonga,91701,34.141371,-117.619527,http://www.zillow.com/homedetails/6229-Hollyoak-Dr-Rancho-Cucamonga-CA-91701/17592745_zpid/,"$549,900"
2097026949,San Bernardino,Rancho Cucamonga,91701,34.1329,-117.5524,http://www.zillow.com/community/meadow-lane-estates/2097026949_zpid/,"$688,880+"
2095069703,San Bernardino,Rancho Cucamonga,91701,34.1262,-117.5507,http://www.zillow.com/homedetails/11518-Grimaldi-Rd-Rancho-Cucamonga-CA-91701/2095069703_zpid/,"$673,880"
2097026952,San Bernardino,Rancho Cucamonga,91701,34.1257,-117.5897,http://www.zillow.com/community/arabella-estates/2097026952_zpid/,"$694,665+"
2095068671,San Bernardino,Rancho Cucamonga,91701,34.1262,-117.5507,http://www.zillow.com/homedetails/11523-Grimaldi-Rd-Rancho-Cucamonga-CA-91701/2095068671_zpid/,"$743,360"
59197799,San Bernardino,Rancho Cucamonga,91701,34.125392,-117.551416,http://www.zillow.com/homedetails/11645-Bari-Dr-Rancho-Cucamonga-CA-91701/59197799_zpid/,"$610,000"
17292143,San Bernardino,Rancho Cucamonga,91701,34.12203,-117.618661,http://www.zillow.com/homedetails/7276-Topaz-St-Alta-Loma-CA-91701/17292143_zpid/,"$405,000"
17292062,San Bernardino,Rancho Cucamonga,91701,34.130127,-117.615855,http://www.zillow.com/homedetails/6833-Carnelian-St-Rancho-Cucamonga-CA-91701/17292062_zpid/,"$384,900"
59198028,San Bernardino,Rancho Cucamonga,91701,34.126169,-117.546253,http://www.zillow.com/homedetails/7050-Pizzoli-Pl-Rancho-Cucamonga-CA-91701/59198028_zpid/,"$470,000"
17598119,San Bernardino,Rancho Cucamonga,91701,34.125231,-117.569836,http://www.zillow.com/homedetails/7120-Parkside-Pl-Rancho-Cucamonga-CA-91701/17598119_zpid/,"$489,900"
17598465,San Bernardino,Rancho Cucamonga,91701,34.127487,-117.561065,http://www.zillow.com/homedetails/11186-Amarillo-St-Rancho-Cucamonga-CA-91701/17598465_zpid/,"$475,000"
59197468,San Bernardino,Rancho Cucamonga,91701,34.133467,-117.549009,http://www.zillow.com/homedetails/6641-Catania-Pl-Rancho-Cucamonga-CA-91701/59197468_zpid/,"$569,000"
17596524,San Bernardino,Rancho Cucamonga,91701,34.127132,-117.582658,http://www.zillow.com/homedetails/10193-Monte-Vista-St-Alta-Loma-CA-91701/17596524_zpid/,"$480,000"
17292217,San Bernardino,Rancho Cucamonga,91701,34.124203,-117.619013,http://www.zillow.com/homedetails/7155-Sierra-Vis-Rancho-Cucamonga-CA-91701/17292217_zpid/,"$471,900"
59196895,San Bernardino,Rancho Cucamonga,91701,34.133189,-117.557144,http://www.zillow.com/homedetails/11356-White-Cloud-Dr-Rancho-Cucamonga-CA-91701/59196895_zpid/,"$639,000"
17592044,San Bernardino,Rancho Cucamonga,91701,34.145439,-117.62682,http://www.zillow.com/homedetails/8231-Sunflower-Ave-Rancho-Cucamonga-CA-91701/17592044_zpid/,"$625,000"
2101459872,San Bernardino,Chino,91708,33.965522,-117.617741,http://www.zillow.com/community/lynbrook-in-preserve-at-chino/2101459872_zpid/,"$435,880+"
2096844948,San Bernardino,Chino,91708,33.960947,-117.63256,http://www.zillow.com/community/palisades-at-preserve/2096844948_zpid/,"$542,800+"
64486689,San Bernardino,Chino,91708,33.962535,-117.631828,http://www.zillow.com/homedetails/16050-Crosswind-Ave-Chino-CA-91708/64486689_zpid/,"$699,000"
2101459869,San Bernardino,Chino,91708,33.965522,-117.617741,http://www.zillow.com/community/lynbrook-in-preserve-at-chino/2101459869_zpid/,"$476,880+"
2101459870,San Bernardino,Chino,91708,33.965522,-117.617741,http://www.zillow.com/community/lynbrook-in-preserve-at-chino/2101459870_zpid/,"$442,880+"
2101459867,San Bernardino,Chino,91708,33.965522,-117.617741,http://www.zillow.com/community/lynbrook-in-preserve-at-chino/2101459867_zpid/,"$458,880+"
2101459866,San Bernardino,Chino,91708,33.965522,-117.617741,http://www.zillow.com/community/lynbrook-in-preserve-at-chino/2101459866_zpid/,"$479,880+"
82912889,San Bernardino,Chino,91708,33.966596,-117.616369,http://www.zillow.com/homedetails/8622-Forest-Park-St-Chino-CA-91708/82912889_zpid/,"$520,000"
89165215,San Bernardino,Chino,91708,33.966023,-117.620403,http://www.zillow.com/homedetails/8437-Flight-Ave-Chino-CA-91708/89165215_zpid/,"$409,000"
119675187,San Bernardino,Chino,91708,33.958227,-117.632069,http://www.zillow.com/homedetails/7955-Southpoint-St-Chino-CA-91708/119675187_zpid/,"$488,000"
64611852,San Bernardino,Chino,91708,33.963558,-117.630981,http://www.zillow.com/homedetails/15968-Huntington-Garden-Ave-Chino-CA-91708/64611852_zpid/,"$698,888"
2101459868,San Bernardino,Chino,91708,33.965522,-117.617741,http://www.zillow.com/community/lynbrook-in-preserve-at-chino/2101459868_zpid/,"$478,880+"
82901167,San Bernardino,Chino,91708,33.965728,-117.621736,http://www.zillow.com/homedetails/8377-Ranger-Ln-Chino-CA-91708/82901167_zpid/,"$419,900"
2101459871,San Bernardino,Chino,91708,33.965522,-117.617741,http://www.zillow.com/community/lynbrook-in-preserve-at-chino/2101459871_zpid/,"$454,880+"
64469174,San Bernardino,Chino,91708,33.963573,-117.628074,http://www.zillow.com/homedetails/15972-W-Preserve-Loop-Chino-CA-91708/64469174_zpid/,"$480,000"
79555411,San Bernardino,Chino,91708,33.967635,-117.621822,http://www.zillow.com/homedetails/8373-Edgewood-St-Chino-CA-91708/79555411_zpid/,$369K
79558346,San Bernardino,Chino,91708,33.961785,-117.633508,http://www.zillow.com/homedetails/16084-Condor-Ave-Chino-CA-91708/79558346_zpid/,"$540,000"
64738226,San Bernardino,Chino,91708,33.963461,-117.629374,http://www.zillow.com/homedetails/8026-Holland-Park-St-Chino-CA-91708/64738226_zpid/,"$494,900"
120794027,San Bernardino,Chino,91708,33.958185,-117.632447,http://www.zillow.com/homedetails/7915-Southpoint-St-Chino-CA-91708/120794027_zpid/,"$548,000"
2096000170,San Bernardino,Chino,91708,33.965522,-117.617741,http://www.zillow.com/homedetails/8588-Founders-Grove-St-Chino-CA-91708/2096000170_zpid/,"$466,567"
82911933,San Bernardino,Chino,91708,33.965789,-117.631828,http://www.zillow.com/homedetails/15818-Aviation-Ct-Chino-CA-91708/82911933_zpid/,"$559,000"
120793670,San Bernardino,Chino,91708,33.958965,-117.630714,http://www.zillow.com/homedetails/16227-Compass-Ave-Chino-CA-91708/120793670_zpid/,"$584,999"
2096000137,San Bernardino,Chino,91708,33.965522,-117.617741,http://www.zillow.com/homedetails/8513-Founders-Grove-St-Chino-CA-91708/2096000137_zpid/,"$471,309"
2096000148,San Bernardino,Chino,91708,33.965522,-117.617741,http://www.zillow.com/homedetails/8505-Founders-Grove-St-Chino-CA-91708/2096000148_zpid/,"$471,043"
2096000156,San Bernardino,Chino,91708,33.965522,-117.617741,http://www.zillow.com/homedetails/8506-Founders-Grove-St-Chino-CA-91708/2096000156_zpid/,"$471,134"
2096000129,San Bernardino,Chino,91708,33.965522,-117.617741,http://www.zillow.com/homedetails/8535-Founders-Grove-St-Chino-CA-91708/2096000129_zpid/,"$486,024"
64704943,San Bernardino,Chino,91708,33.963468,-117.628391,http://www.zillow.com/homedetails/8066-Holland-Park-St-Chino-CA-91708/64704943_zpid/,"$525,000"
2098400516,San Bernardino,Chino,91708,33.965522,-117.617741,http://www.zillow.com/homedetails/8538-Founders-Grove-St-Chino-CA-91708/2098400516_zpid/,"$462,678"
17511153,San Bernardino,Chino Hills,91709,33.946959,-117.777077,http://www.zillow.com/homedetails/16855-Hay-Dr-Chino-Hills-CA-91709/17511153_zpid/,"$555,555"
17556842,San Bernardino,Chino Hills,91709,33.970933,-117.712403,http://www.zillow.com/homedetails/4221-Valle-Vista-Dr-Chino-Hills-CA-91709/17556842_zpid/,"$574,888"
64882002,San Bernardino,Chino Hills,91709,33.946362,-117.75307,http://www.zillow.com/homedetails/2364-Milano-Ter-Chino-Hills-CA-91709/64882002_zpid/,"$2,088,000"
17541457,San Bernardino,Chino Hills,91709,33.97216,-117.716532,http://www.zillow.com/homedetails/4030-Aspen-Ln-Chino-Hills-CA-91709/17541457_zpid/,"$500,000"
17550618,San Bernardino,Chino Hills,91709,34.008808,-117.73811,http://www.zillow.com/homedetails/13419-Treasure-Way-Chino-Hills-CA-91709/17550618_zpid/,"$645,000"
17557848,San Bernardino,Chino Hills,91709,33.967326,-117.694389,http://www.zillow.com/homedetails/5050-Stone-Ridge-Dr-Chino-Hills-CA-91709/17557848_zpid/,"$768,000"
17554249,San Bernardino,Chino Hills,91709,33.997408,-117.739292,http://www.zillow.com/homedetails/3027-Song-Of-The-Winds-Chino-Hills-CA-91709/17554249_zpid/,"$1,690,000"
2095184534,San Bernardino,Chino Hills,91709,33.960465,-117.692252,http://www.zillow.com/community/jade-tree/2095184534_zpid/,"$581,880+"
2095184535,San Bernardino,Chino Hills,91709,33.960465,-117.692252,http://www.zillow.com/community/jade-tree/2095184535_zpid/,"$565,880+"
2095093602,San Bernardino,Chino Hills,91709,33.965327,-117.693219,http://www.zillow.com/community/bristol/2095093602_zpid/,"$548,000+"
17540943,San Bernardino,Chino Hills,91709,33.95978,-117.705235,http://www.zillow.com/homedetails/16152-Royal-Troone-Ct-Chino-Hills-CA-91709/17540943_zpid/,"$909,888"
2095093605,San Bernardino,Chino Hills,91709,33.965327,-117.693219,http://www.zillow.com/community/bristol/2095093605_zpid/,"$805,000+"
111071906,San Bernardino,Chino Hills,91709,33.965255,-117.778281,http://www.zillow.com/homedetails/1178-Village-Dr-Chino-Hills-CA-91709/111071906_zpid/,"$1,999,000"
17557458,San Bernardino,Chino Hills,91709,33.974528,-117.702744,http://www.zillow.com/homedetails/15351-Monterey-Ave-Chino-Hills-CA-91709/17557458_zpid/,"$339,000"
17550819,San Bernardino,Chino Hills,91709,34.009568,-117.736614,http://www.zillow.com/homedetails/13350-Evening-Song-Pl-Chino-Hills-CA-91709/17550819_zpid/,"$659,888"
17552603,San Bernardino,Chino Hills,91709,34.015287,-117.749029,http://www.zillow.com/homedetails/13133-Le-Parc-UNIT-1007-Chino-Hills-CA-91709/17552603_zpid/,"$269,900"
82901873,San Bernardino,Chino Hills,91709,33.977947,-117.713371,http://www.zillow.com/homedetails/15111-Pipeline-Ave-SPC-108-Chino-Hills-CA-91709/82901873_zpid/,"$169,000"
17560176,San Bernardino,Chino Hills,91709,33.987168,-117.758162,http://www.zillow.com/homedetails/14629-Ranch-Creek-Ln-Chino-Hills-CA-91709/17560176_zpid/,"$548,000"
53060720,San Bernardino,Chino Hills,91709,33.95142,-117.681908,http://www.zillow.com/homedetails/16621-Berryheath-Ct-Chino-Hills-CA-91709/53060720_zpid/,"$575,000"
17558519,San Bernardino,Chino Hills,91709,33.969156,-117.75794,http://www.zillow.com/homedetails/2139-Olivine-Dr-Chino-Hills-CA-91709/17558519_zpid/,"$550,000"
17559318,San Bernardino,Chino Hills,91709,33.968454,-117.736542,http://www.zillow.com/homedetails/15701-Ladera-Vista-Dr-Chino-Hills-CA-91709/17559318_zpid/,"$615,000"
17562313,San Bernardino,Chino Hills,91709,33.98192,-117.741414,http://www.zillow.com/homedetails/14932-Little-Bend-Rd-Chino-Hills-CA-91709/17562313_zpid/,"$825,000"
17559220,San Bernardino,Chino Hills,91709,33.964381,-117.73864,http://www.zillow.com/homedetails/15900-Oak-Canyon-Dr-Chino-Hills-CA-91709/17559220_zpid/,"$649,000"
17556395,San Bernardino,Chino Hills,91709,33.988947,-117.730572,http://www.zillow.com/homedetails/14545-Reservoir-Pl-Chino-Hills-CA-91709/17556395_zpid/,"$689,000"
17550475,San Bernardino,Chino Hills,91709,34.013818,-117.747354,http://www.zillow.com/homedetails/2665-Lookout-Cir-Chino-Hills-CA-91709/17550475_zpid/,"$406,000"
2095093603,San Bernardino,Chino Hills,91709,33.965327,-117.693219,http://www.zillow.com/community/bristol/2095093603_zpid/,"$624,000+"
2095093603,San Bernardino,Chino Hills,91709,33.965327,-117.693219,http://www.zillow.com/community/bristol/2095093603_zpid/,"$624,000+"
17555839,San Bernardino,Chino Hills,91709,33.978002,-117.716938,http://www.zillow.com/homedetails/15153-Ashwood-Ln-Chino-Hills-CA-91709/17555839_zpid/,"$523,800"
17541779,San Bernardino,Chino Hills,91709,33.968884,-117.722953,http://www.zillow.com/homedetails/3735-Valle-Vista-Dr-Chino-Hills-CA-91709/17541779_zpid/,"$559,900"
2095093606,San Bernardino,Chino Hills,91709,33.965327,-117.693219,http://www.zillow.com/community/bristol/2095093606_zpid/,"$671,000+"
2095093604,San Bernardino,Chino Hills,91709,33.965327,-117.693219,http://www.zillow.com/community/bristol/2095093604_zpid/,"$755,000+"
17541657,San Bernardino,Chino Hills,91709,33.953583,-117.761658,http://www.zillow.com/homedetails/1961-Trotter-Ter-Chino-Hills-CA-91709/17541657_zpid/,"$1,299,999"
2095093608,San Bernardino,Chino Hills,91709,33.965327,-117.693219,http://www.zillow.com/community/bristol/2095093608_zpid/,"$527,000+"
17561673,San Bernardino,Chino Hills,91709,33.978594,-117.745612,http://www.zillow.com/homedetails/15112-Calle-Verano-Chino-Hills-CA-91709/17561673_zpid/,"$928,000"
2095062969,San Bernardino,Chino Hills,91709,33.9423,-117.6835,http://www.zillow.com/homedetails/17017-Loures-St-Chino-Hills-CA-91709/2095062969_zpid/,"$941,900"
2095093607,San Bernardino,Chino Hills,91709,33.965327,-117.693219,http://www.zillow.com/community/bristol/2095093607_zpid/,"$697,000+"
2095184533,San Bernardino,Chino Hills,91709,33.960465,-117.692252,http://www.zillow.com/community/jade-tree/2095184533_zpid/,"$569,880+"
2095016094,San Bernardino,Chino Hills,91709,33.955837,-117.76715,http://www.zillow.com/homedetails/1704-Ravine-Ln-Chino-Hills-CA-91709/2095016094_zpid/,"$360,000"
64824145,San Bernardino,Chino Hills,91709,33.946274,-117.752659,http://www.zillow.com/homedetails/2380-Milano-Ter-Chino-Hills-CA-91709/64824145_zpid/,"$1,790,000"
64590125,San Bernardino,Chino Hills,91709,33.946737,-117.754788,http://www.zillow.com/homedetails/2300-Milano-Ter-Chino-Hills-CA-91709/64590125_zpid/,"$1,978,000"
2095062701,San Bernardino,Chino Hills,91709,33.9605,-117.693,http://www.zillow.com/homedetails/5664-Lisboa-St-Chino-Hills-CA-91709/2095062701_zpid/,"$925,015"
17555455,San Bernardino,Chino Hills,91709,33.979443,-117.698795,http://www.zillow.com/homedetails/15050-Monte-Vista-Ave-SPC-40-Chino-Hills-CA-91709/17555455_zpid/,"$55,000"
17560588,San Bernardino,Chino Hills,91709,33.985094,-117.751369,http://www.zillow.com/homedetails/2463-Moon-Dust-Dr-UNIT-B-Chino-Hills-CA-91709/17560588_zpid/,"$438,000"
2095304199,San Bernardino,Chino Hills,91709,33.948543,-117.77803,http://www.zillow.com/homedetails/1192-Carbon-Canyon-Rd-Chino-Hills-CA-91709/2095304199_zpid/,"$450,000"
17555316,San Bernardino,Chino Hills,91709,33.981793,-117.719423,http://www.zillow.com/homedetails/14930-Ashwood-Ln-Chino-Hills-CA-91709/17555316_zpid/,"$599,900"
82776216,San Bernardino,Chino Hills,91709,33.957484,-117.767307,http://www.zillow.com/homedetails/16276-Canon-Ln-Chino-Hills-CA-91709/82776216_zpid/,"$570,000"
17557497,San Bernardino,Chino Hills,91709,33.97393,-117.701286,http://www.zillow.com/homedetails/15382-Murray-Ave-Chino-Hills-CA-91709/17557497_zpid/,"$363,000"
17559320,San Bernardino,Chino Hills,91709,33.968247,-117.736539,http://www.zillow.com/homedetails/15709-Altamira-Dr-Chino-Hills-CA-91709/17559320_zpid/,"$590,000"
17511015,San Bernardino,Chino Hills,91709,33.957899,-117.768462,http://www.zillow.com/homedetails/1641-Carbon-Canyon-Rd-Chino-Hills-CA-91709/17511015_zpid/,"$449,800"
125105809,San Bernardino,Chino,91710,34.0029,-117.6659,http://www.zillow.com/homedetails/14553-Hillsdale-St-Chino-CA-91710/125105809_zpid/,"$499,999"
124212464,San Bernardino,Chino,91710,33.988191,-117.66823,http://www.zillow.com/homedetails/6250-Castleton-St-Chino-CA-91710/124212464_zpid/,"$650,000"
82818074,San Bernardino,Chino,91710,33.987851,-117.651107,http://www.zillow.com/homedetails/14579-Longwood-Ave-Chino-CA-91710/82818074_zpid/,"$429,900"
17549800,San Bernardino,Chino,91710,34.01808,-117.741449,http://www.zillow.com/homedetails/2914-Cimarron-Cir-Chino-CA-91710/17549800_zpid/,"$650,000"
17587161,San Bernardino,Chino,91710,34.021871,-117.659203,http://www.zillow.com/homedetails/6680-Arthur-St-Chino-CA-91710/17587161_zpid/,"$458,900"
82912446,San Bernardino,Chino,91710,33.987485,-117.651167,http://www.zillow.com/homedetails/14589-Longwood-Ave-Chino-CA-91710/82912446_zpid/,"$398,000"
17537665,San Bernardino,Chino,91710,34.020779,-117.685411,http://www.zillow.com/homedetails/12836-12th-St-APT-30-Chino-CA-91710/17537665_zpid/,"$249,900"
17538874,San Bernardino,Chino,91710,34.033235,-117.699449,http://www.zillow.com/homedetails/4841-Philadelphia-St-Chino-CA-91710/17538874_zpid/,"$449,000"
124206245,San Bernardino,Chino,91710,33.992819,-117.673203,http://www.zillow.com/homedetails/6030-Lyon-St-Chino-CA-91710/124206245_zpid/,"$423,328"
2097695688,San Bernardino,Chino,91710,34.003306,-117.723837,http://www.zillow.com/homedetails/13798-Roswell-Ave-UNIT-B126-Chino-CA-91710/2097695688_zpid/,"$379,900"
2095343581,San Bernardino,Chino,91710,34.0441,-117.6906,http://www.zillow.com/community/cambria-and-sienna/2095343581_zpid/,"$479,645+"
17537660,San Bernardino,Chino,91710,34.020503,-117.685406,http://www.zillow.com/homedetails/12836-12th-St-APT-25-Chino-CA-91710/17537660_zpid/,"$255,000"
17545918,San Bernardino,Chino,91710,34.005805,-117.71681,http://www.zillow.com/homedetails/13620-Van-Horn-Cir-E-Chino-CA-91710/17545918_zpid/,"$415,000"
17544164,San Bernardino,Chino,91710,34.017459,-117.709065,http://www.zillow.com/homedetails/12952-Boston-Ave-Chino-CA-91710/17544164_zpid/,"$539,900"
82913897,San Bernardino,Chino,91710,33.989436,-117.651199,http://www.zillow.com/homedetails/7038-Edinboro-St-Chino-CA-91710/82913897_zpid/,"$412,000"
17588648,San Bernardino,Chino,91710,34.008729,-117.658085,http://www.zillow.com/homedetails/13482-Garcia-Ave-Chino-CA-91710/17588648_zpid/,"$565,000"
17548545,San Bernardino,Chino,91710,34.010789,-117.693372,http://www.zillow.com/homedetails/13352-5th-St-Chino-CA-91710/17548545_zpid/,"$459,000"
82893613,San Bernardino,Chino,91710,33.988918,-117.653589,http://www.zillow.com/homedetails/6941-Edinboro-St-Chino-CA-91710/82893613_zpid/,"$419,000"
17585530,San Bernardino,Chino,91710,34.027965,-117.655096,http://www.zillow.com/homedetails/12411-Silkleaf-Ave-Chino-CA-91710/17585530_zpid/,"$329,900"
64699243,San Bernardino,Chino,91710,34.011479,-117.654048,http://www.zillow.com/homedetails/13316-Goldmedal-Ave-Chino-CA-91710/64699243_zpid/,"$550,000"
2095082268,San Bernardino,Chino,91710,34.0261,-117.7219,http://www.zillow.com/homedetails/3984-Citrus-Grove-Rd-Chino-CA-91710/2095082268_zpid/,"$609,179"
122899048,San Bernardino,Chino,91710,33.990497,-117.659507,http://www.zillow.com/homedetails/6660-Eucalyptus-Ave-Chino-CA-91710/122899048_zpid/,"$479,999"
2095070977,San Bernardino,Chino,91710,34.0261,-117.7219,http://www.zillow.com/homedetails/3990-Citrus-Grove-Rd-Chino-CA-91710/2095070977_zpid/,"$593,084"
17545893,San Bernardino,Chino,91710,34.006966,-117.718586,http://www.zillow.com/homedetails/3952-Tano-St-Chino-CA-91710/17545893_zpid/,"$425,000"
17545729,San Bernardino,Chino,91710,34.00525,-117.714956,http://www.zillow.com/homedetails/4150-Schaefer-Ave-UNIT-2-Chino-CA-91710/17545729_zpid/,"$410,000"
2095343579,San Bernardino,Chino,91710,34.0441,-117.6906,http://www.zillow.com/community/cambria-and-sienna/2095343579_zpid/,"$470,145+"
2095343580,San Bernardino,Chino,91710,34.0441,-117.6906,http://www.zillow.com/community/cambria-and-sienna/2095343580_zpid/,"$591,605+"
17532772,San Bernardino,Chino,91710,34.034557,-117.723694,http://www.zillow.com/homedetails/12019-Eastend-Ave-Chino-CA-91710/17532772_zpid/,"$824,900"
53061718,San Bernardino,Chino,91710,34.005536,-117.655876,http://www.zillow.com/homedetails/6816-Homan-Ct-Chino-CA-91710/53061718_zpid/,"$450,000"
17538206,San Bernardino,Chino,91710,34.020683,-117.685605,http://www.zillow.com/homedetails/12835-10th-St-APT-34-Chino-CA-91710/17538206_zpid/,"$206,800"
17538115,San Bernardino,Chino,91710,34.020552,-117.694713,http://www.zillow.com/homedetails/5054-Center-St-Chino-CA-91710/17538115_zpid/,"$375,000"
17549489,San Bernardino,Chino,91710,34.003949,-117.666354,http://www.zillow.com/homedetails/6345-Yale-St-Chino-CA-91710/17549489_zpid/,"$559,900"
17548529,San Bernardino,Chino,91710,34.011473,-117.697098,http://www.zillow.com/homedetails/4925-Chino-Ave-Chino-CA-91710/17548529_zpid/,"$349,000"
2095141205,San Bernardino,Chino,91710,34.035511,-117.686622,http://www.zillow.com/homedetails/5425-Choctaw-Ct-Chino-CA-91710/2095141205_zpid/,"$359,999"
17534187,San Bernardino,Chino,91710,34.0375,-117.685464,http://www.zillow.com/homedetails/11889-Seneca-Way-181-Chino-CA-91710/17534187_zpid/,"$309,000"
82905177,San Bernardino,Chino,91710,33.988455,-117.6511,http://www.zillow.com/homedetails/14555-Longwood-Ave-Chino-CA-91710/82905177_zpid/,"$420,000"
17535205,San Bernardino,Chino,91710,34.034788,-117.694434,http://www.zillow.com/homedetails/12045-Lester-Pl-Chino-CA-91710/17535205_zpid/,"$435,999"
17548840,San Bernardino,Chino,91710,34.008703,-117.677262,http://www.zillow.com/homedetails/5864-Horseshoe-Ct-Chino-CA-91710/17548840_zpid/,"$599,900"
17532485,San Bernardino,Chino,91710,34.037677,-117.698855,http://www.zillow.com/homedetails/11869-Crystal-Ave-Chino-CA-91710/17532485_zpid/,"$478,888"
17547866,San Bernardino,Chino,91710,34.014311,-117.674247,http://www.zillow.com/homedetails/5990-Rosario-St-Chino-CA-91710/17547866_zpid/,"$415,000"
17586869,San Bernardino,Chino,91710,34.026263,-117.656381,http://www.zillow.com/homedetails/6802-Eisenhower-Ct-Chino-CA-91710/17586869_zpid/,"$538,000"
17594820,San Bernardino,Rancho Cucamonga,91729,34.157708,-117.563641,http://www.zillow.com/homedetails/11082-Deer-Canyon-Dr-Rancho-Cucamonga-CA-91737/17594820_zpid/,"$1,499,888"
17594810,San Bernardino,Rancho Cucamonga,91729,34.156035,-117.564019,http://www.zillow.com/homedetails/5454-Canistel-Ave-Rancho-Cucamonga-CA-91737/17594810_zpid/,"$1,250,000"
17578066,San Bernardino,Rancho Cucamonga,91729,34.067262,-117.662746,http://www.zillow.com/homedetails/762-W-D-St-Ontario-CA-91762/17578066_zpid/,"$445,364"
2097026950,San Bernardino,Rancho Cucamonga,91729,34.1329,-117.5524,http://www.zillow.com/community/meadow-lane-estates/2097026950_zpid/,"$743,360+"
2097026945,San Bernardino,Rancho Cucamonga,91729,34.1329,-117.5524,http://www.zillow.com/community/meadow-lane-estates/2097026945_zpid/,"$731,888+"
59198635,San Bernardino,Rancho Cucamonga,91729,34.122073,-117.546911,http://www.zillow.com/homedetails/11832-Larino-Dr-Rancho-Cucamonga-CA-91701/59198635_zpid/,"$499,900"
17598282,San Bernardino,Rancho Cucamonga,91729,34.129006,-117.563292,http://www.zillow.com/homedetails/11084-Delaware-St-Rancho-Cucamonga-CA-91701/17598282_zpid/,"$469,000"
61683588,San Bernardino,Rancho Cucamonga,91729,34.122258,-117.467659,http://www.zillow.com/homedetails/7253-Oak-Tree-Pl-Fontana-CA-92336/61683588_zpid/,"$464,000"
2097026948,San Bernardino,Rancho Cucamonga,91729,34.1257,-117.5897,http://www.zillow.com/community/arabella-estates/2097026948_zpid/,"$719,908+"
17569256,San Bernardino,Rancho Cucamonga,91729,34.110841,-117.629865,http://www.zillow.com/homedetails/1463-E-13th-St-Upland-CA-91786/17569256_zpid/,"$480,000"
17292727,San Bernardino,Rancho Cucamonga,91729,34.129089,-117.611546,http://www.zillow.com/homedetails/6894-Charloma-St-Rancho-Cucamonga-CA-91701/17292727_zpid/,"$419,900"
17512536,San Bernardino,Rancho Cucamonga,91729,34.16062,-117.661128,http://www.zillow.com/homedetails/2622-Holly-Dr-Upland-CA-91784/17512536_zpid/,"$1,985,000"
17596291,San Bernardino,Rancho Cucamonga,91729,34.122112,-117.584953,http://www.zillow.com/homedetails/7294-Hermosa-Ave-Rancho-Cucamonga-CA-91701/17596291_zpid/,"$344,800"
17592061,San Bernardino,Rancho Cucamonga,91729,34.144462,-117.627239,http://www.zillow.com/homedetails/6057-Peridot-Ave-Rancho-Cucamonga-CA-91701/17592061_zpid/,"$660,000"
61651337,San Bernardino,Rancho Cucamonga,91729,34.131151,-117.6271,http://www.zillow.com/homedetails/1528-Vigilant-St-Upland-CA-91784/61651337_zpid/,"$619,000"
17570610,San Bernardino,Rancho Cucamonga,91729,34.100588,-117.651722,http://www.zillow.com/homedetails/565-N-Euclid-Ave-Upland-CA-91786/17570610_zpid/,"$770,000"
17296419,San Bernardino,Rancho Cucamonga,91730,34.104417,-117.591177,http://www.zillow.com/homedetails/8219-Malven-Ave-Rancho-Cucamonga-CA-91730/17296419_zpid/,"$449,000"
17298943,San Bernardino,Rancho Cucamonga,91730,34.102396,-117.583581,http://www.zillow.com/homedetails/8315-Spring-Desert-Pl-UNIT-D-Rancho-Cucamonga-CA-91730/17298943_zpid/,"$314,900"
17296409,San Bernardino,Rancho Cucamonga,91730,34.105503,-117.590156,http://www.zillow.com/homedetails/9852-Hampshire-St-Rancho-Cucamonga-CA-91730/17296409_zpid/,"$436,500"
122898489,San Bernardino,Rancho Cucamonga,91730,34.083716,-117.597048,http://www.zillow.com/homedetails/9365-Bistro-Pl-Rancho-Cucamonga-CA-91730/122898489_zpid/,"$470,000"
17297785,San Bernardino,Rancho Cucamonga,91730,34.11932,-117.607461,http://www.zillow.com/homedetails/7414-Beryl-Ave-Rancho-Cucamonga-CA-91730/17297785_zpid/,"$449,900"
52976462,San Bernardino,Rancho Cucamonga,91730,34.120199,-117.546701,http://www.zillow.com/homedetails/11841-Gage-Dr-Rancho-Cucamonga-CA-91730/52976462_zpid/,"$447,500"
2097084776,San Bernardino,Rancho Cucamonga,91730,34.098076,-117.616913,http://www.zillow.com/community/adega-collection/2097084776_zpid/,"$449,990+"
17295270,San Bernardino,Rancho Cucamonga,91730,34.101763,-117.620194,http://www.zillow.com/homedetails/8383-Gabriel-Dr-APT-B-Rancho-Cucamonga-CA-91730/17295270_zpid/,"$319,500"
61683257,San Bernardino,Rancho Cucamonga,91730,34.120403,-117.553979,http://www.zillow.com/homedetails/7353-Ellena-W-UNIT-191-Rancho-Cucamonga-CA-91730/61683257_zpid/,"$389,000"
120793864,San Bernardino,Rancho Cucamonga,91730,34.107868,-117.614587,http://www.zillow.com/homedetails/8042-Cresta-Bella-Rd-Rancho-Cucamonga-CA-91730/120793864_zpid/,"$380,000"
82905096,San Bernardino,Rancho Cucamonga,91730,34.09563,-117.57919,http://www.zillow.com/homedetails/10343-Sicilian-Dr-Rancho-Cucamonga-CA-91730/82905096_zpid/,"$550,000"
17296670,San Bernardino,Rancho Cucamonga,91730,34.104202,-117.597109,http://www.zillow.com/homedetails/8231-Malachite-Ave-Rancho-Cucamonga-CA-91730/17296670_zpid/,"$408,000"
17600664,San Bernardino,Rancho Cucamonga,91730,34.111276,-117.589407,http://www.zillow.com/homedetails/9883-Pasqual-Ct-Rancho-Cucamonga-CA-91730/17600664_zpid/,"$345,000"
79556550,San Bernardino,Rancho Cucamonga,91730,34.107875,-117.599807,http://www.zillow.com/homedetails/8024-Tulsa-Pl-UNIT-102-Rancho-Cucamonga-CA-91730/79556550_zpid/,"$379,000"
17599820,San Bernardino,Rancho Cucamonga,91730,34.118494,-117.569039,http://www.zillow.com/homedetails/10841-Sundance-Dr-Rancho-Cucamonga-CA-91730/17599820_zpid/,"$559,999"
2097084775,San Bernardino,Rancho Cucamonga,91730,34.098076,-117.616913,http://www.zillow.com/community/adega-collection/2097084775_zpid/,"$499,990+"
82922073,San Bernardino,Rancho Cucamonga,91730,34.116603,-117.562808,http://www.zillow.com/homedetails/11090-Mountain-View-Dr-APT-78-Rancho-Cucamonga-CA-91730/82922073_zpid/,"$430,000"
122899801,San Bernardino,Rancho Cucamonga,91730,34.083948,-117.594649,http://www.zillow.com/homedetails/9338-Greenbelt-Pl-Rancho-Cucamonga-CA-91730/122899801_zpid/,"$497,900"
61650226,San Bernardino,Rancho Cucamonga,91730,34.118573,-117.554196,http://www.zillow.com/homedetails/7353-Ellena-W-UNIT-70-Rancho-Cucamonga-CA-91730/61650226_zpid/,"$419,900"
2097084777,San Bernardino,Rancho Cucamonga,91730,34.098076,-117.616913,http://www.zillow.com/community/adega-collection/2097084777_zpid/,"$469,990+"
17293790,San Bernardino,Rancho Cucamonga,91730,34.098981,-117.62752,http://www.zillow.com/homedetails/8149-Arrow-Rte-Rancho-Cucamonga-CA-91730/17293790_zpid/,"$399,000"
64749614,San Bernardino,Rancho Cucamonga,91730,34.110094,-117.555671,http://www.zillow.com/homedetails/11450-Church-St-APT-158-Rancho-Cucamonga-CA-91730/64749614_zpid/,"$409,000"
17300953,San Bernardino,Rancho Cucamonga,91730,34.087739,-117.602696,http://www.zillow.com/homedetails/9127-E-Rancho-Park-Cir-Rancho-Cucamonga-CA-91730/17300953_zpid/,"$359,000"
79554735,San Bernardino,Rancho Cucamonga,91730,34.107608,-117.59799,http://www.zillow.com/homedetails/9494-Jack-Rabbit-Dr-UNIT-106-Rancho-Cucamonga-CA-91730/79554735_zpid/,"$330,000"
17599605,San Bernardino,Rancho Cucamonga,91730,34.120404,-117.565228,http://www.zillow.com/homedetails/7360-Cascade-Ct-Rancho-Cucamonga-CA-91730/17599605_zpid/,"$390,000"
64916335,San Bernardino,Rancho Cucamonga,91730,34.113723,-117.591747,http://www.zillow.com/homedetails/7716-Abbot-Ct-Rancho-Cucamonga-CA-91730/64916335_zpid/,"$365,000"
17599863,San Bernardino,Rancho Cucamonga,91730,34.118575,-117.570272,http://www.zillow.com/homedetails/10783-Sundance-Dr-Rancho-Cucamonga-CA-91730/17599863_zpid/,"$424,888"
17300819,San Bernardino,Rancho Cucamonga,91730,34.096563,-117.582129,http://www.zillow.com/homedetails/8648-Creekside-Pl-Rancho-Cucamonga-CA-91730/17300819_zpid/,"$385,000"
17601417,San Bernardino,Rancho Cucamonga,91730,34.110283,-117.59117,http://www.zillow.com/homedetails/9803-Mariposa-Dr-Rancho-Cucamonga-CA-91730/17601417_zpid/,"$365,000"
17296527,San Bernardino,Rancho Cucamonga,91730,34.100107,-117.589416,http://www.zillow.com/homedetails/9876-Arrow-Rte-UNIT-1-Rancho-Cucamonga-CA-91730/17296527_zpid/,"$379,000"
61683216,San Bernardino,Rancho Cucamonga,91730,34.110598,-117.548464,http://www.zillow.com/homedetails/11767-Bunker-Hill-Dr-Rancho-Cucamonga-CA-91730/61683216_zpid/,"$467,999"
17599401,San Bernardino,Rancho Cucamonga,91730,34.119716,-117.572979,http://www.zillow.com/homedetails/10650-Harmony-Dr-Rancho-Cucamonga-CA-91730/17599401_zpid/,"$435,000"
2095203190,San Bernardino,Rancho Cucamonga,91730,34.11878,-117.560772,http://www.zillow.com/homedetails/11209-Terra-Vista-Pkwy-APT-C-Rancho-Cucamonga-CA-91730/2095203190_zpid/,"$368,000"
79558193,San Bernardino,Rancho Cucamonga,91730,34.107408,-117.599805,http://www.zillow.com/homedetails/8048-Tulsa-Pl-UNIT-108-Rancho-Cucamonga-CA-91730/79558193_zpid/,"$394,999"
64566638,San Bernardino,Rancho Cucamonga,91730,34.10939,-117.609011,http://www.zillow.com/homedetails/7977-Summerlin-Pl-Rancho-Cucamonga-CA-91730/64566638_zpid/,"$499,900"
61650122,San Bernardino,Rancho Cucamonga,91730,34.112827,-117.546858,http://www.zillow.com/homedetails/11840-Rockingham-Ct-Rancho-Cucamonga-CA-91730/61650122_zpid/,"$575,000"
17293862,San Bernardino,Rancho Cucamonga,91730,34.094379,-117.628167,http://www.zillow.com/homedetails/8781-Grove-Ave-Rancho-Cucamonga-CA-91730/17293862_zpid/,"$369,000"
17294936,San Bernardino,Rancho Cucamonga,91730,34.09549,-117.620275,http://www.zillow.com/homedetails/8437-9th-St-Rancho-Cucamonga-CA-91730/17294936_zpid/,"$320,000"
2095166899,San Bernardino,Rancho Cucamonga,91730,34.0967,-117.6258,http://www.zillow.com/homedetails/8601-Stoneside-Rancho-Cucamonga-CA-91730/2095166899_zpid/,"$483,990"
119673896,San Bernardino,Rancho Cucamonga,91730,34.083119,-117.593808,http://www.zillow.com/homedetails/9381-Greenbelt-Pl-Rancho-Cucamonga-CA-91730/119673896_zpid/,"$499,900"
17594820,San Bernardino,Rancho Cucamonga,91737,34.157708,-117.563641,http://www.zillow.com/homedetails/11082-Deer-Canyon-Dr-Rancho-Cucamonga-CA-91737/17594820_zpid/,"$1,499,888"
17594810,San Bernardino,Rancho Cucamonga,91737,34.156035,-117.564019,http://www.zillow.com/homedetails/5454-Canistel-Ave-Rancho-Cucamonga-CA-91737/17594810_zpid/,"$1,250,000"
64809733,San Bernardino,Rancho Cucamonga,91737,34.155646,-117.581771,http://www.zillow.com/homedetails/10222-Jacaranda-Ct-Alta-Loma-CA-91737/64809733_zpid/,"$1,199,000"
17594315,San Bernardino,Rancho Cucamonga,91737,34.15625,-117.583327,http://www.zillow.com/homedetails/10141-Woodridge-Dr-Rancho-Cucamonga-CA-91737/17594315_zpid/,"$895,000"
17410739,San Bernardino,Rancho Cucamonga,91737,34.140525,-117.571233,http://www.zillow.com/homedetails/6349-Barsac-Pl-Alta-Loma-CA-91737/17410739_zpid/,"$559,000"
17289307,San Bernardino,Rancho Cucamonga,91737,34.142979,-117.575144,http://www.zillow.com/homedetails/10535-Merlot-Ct-Rancho-Cucamonga-CA-91737/17289307_zpid/,"$598,888"
17594196,San Bernardino,Rancho Cucamonga,91737,34.153369,-117.589808,http://www.zillow.com/homedetails/5533-Crooked-Creek-Rd-Rancho-Cucamonga-CA-91737/17594196_zpid/,"$679,000"
17594705,San Bernardino,Rancho Cucamonga,91737,34.151045,-117.56555,http://www.zillow.com/homedetails/10962-Wilson-Ave-Alta-Loma-CA-91737/17594705_zpid/,"$997,500"
17290107,San Bernardino,Rancho Cucamonga,91737,34.147175,-117.56127,http://www.zillow.com/homedetails/5989-Cedar-Mountain-Dr-Rancho-Cucamonga-CA-91737/17290107_zpid/,"$660,000"
17594906,San Bernardino,Rancho Cucamonga,91737,34.154906,-117.562646,http://www.zillow.com/homedetails/5508-High-Meadow-Pl-Rancho-Cucamonga-CA-91737/17594906_zpid/,"$1,139,190"
17594887,San Bernardino,Rancho Cucamonga,91737,34.152669,-117.562096,http://www.zillow.com/homedetails/5598-High-Meadow-Pl-Rancho-Cucamonga-CA-91737/17594887_zpid/,"$998,500"
17590301,San Bernardino,Rancho Cucamonga,91737,34.156833,-117.606957,http://www.zillow.com/homedetails/5400-Falling-Tree-Ln-Alta-Loma-CA-91737/17590301_zpid/,"$668,000"
17594544,San Bernardino,Rancho Cucamonga,91737,34.155988,-117.573709,http://www.zillow.com/homedetails/10588-Silver-Spur-Ct-Rancho-Cucamonga-CA-91737/17594544_zpid/,"$995,000"
17288018,San Bernardino,Rancho Cucamonga,91737,34.141686,-117.567279,http://www.zillow.com/homedetails/10889-Mirador-Dr-Rancho-Cucamonga-CA-91737/17288018_zpid/,"$648,000"
17591017,San Bernardino,Rancho Cucamonga,91737,34.164542,-117.610867,http://www.zillow.com/homedetails/8946-Reales-St-Alta-Loma-CA-91737/17591017_zpid/,"$1,100,000"
59196800,San Bernardino,Rancho Cucamonga,91737,34.157075,-117.600873,http://www.zillow.com/homedetails/5368-Windsor-Pl-Rancho-Cucamonga-CA-91737/59196800_zpid/,"$1,699,900"
17593842,San Bernardino,Rancho Cucamonga,91737,34.160029,-117.58895,http://www.zillow.com/homedetails/9897-Hidden-Farm-Rd-Rancho-Cucamonga-CA-91737/17593842_zpid/,"$1,100,000"
17593840,San Bernardino,Rancho Cucamonga,91737,34.159951,-117.589562,http://www.zillow.com/homedetails/9871-Hidden-Farm-Rd-Rancho-Cucamonga-CA-91737/17593840_zpid/,"$1,028,500"
63120563,San Bernardino,Rancho Cucamonga,91737,34.13891,-117.588891,http://www.zillow.com/homedetails/6340-Daylily-Ct-Rancho-Cucamonga-CA-91737/63120563_zpid/,"$950,000"
17291025,San Bernardino,Rancho Cucamonga,91737,34.134306,-117.594676,http://www.zillow.com/homedetails/6610-Nantucket-Pl-325-Rancho-Cucamonga-CA-91737/17291025_zpid/,"$349,888"
17591006,San Bernardino,Rancho Cucamonga,91737,34.162322,-117.610899,http://www.zillow.com/homedetails/8947-Laramie-Dr-Rancho-Cucamonga-CA-91737/17591006_zpid/,"$1,199,888"
59198773,San Bernardino,Rancho Cucamonga,91739,34.133026,-117.534224,http://www.zillow.com/homedetails/12365-Huckleberry-Ct-Rancho-Cucamonga-CA-91739/59198773_zpid/,"$545,000"
61683073,San Bernardino,Rancho Cucamonga,91739,34.137961,-117.539416,http://www.zillow.com/homedetails/12175-Quarry-Ct-Etiwanda-CA-91739/61683073_zpid/,"$594,990"
17312376,San Bernardino,Rancho Cucamonga,91739,34.111983,-117.544667,http://www.zillow.com/homedetails/11940-Ashford-St-Etiwanda-CA-91739/17312376_zpid/,"$379,999"
125136313,San Bernardino,Rancho Cucamonga,91739,34.1174,-117.5387,http://www.zillow.com/homedetails/12521-Elevage-Dr-UNIT-30-Rancho-Cucamonga-CA-91739/125136313_zpid/,"$424,888"
2096080493,San Bernardino,Rancho Cucamonga,91739,34.141474,-117.514171,http://www.zillow.com/community/la-ventana/2096080493_zpid/,"$908,880+"
2096080489,San Bernardino,Rancho Cucamonga,91739,34.141474,-117.514171,http://www.zillow.com/community/la-ventana/2096080489_zpid/,"$797,990+"
2096080488,San Bernardino,Rancho Cucamonga,91739,34.141474,-117.514171,http://www.zillow.com/community/la-ventana/2096080488_zpid/,"$814,990+"
17312208,San Bernardino,Rancho Cucamonga,91739,34.134481,-117.516605,http://www.zillow.com/homedetails/6574-Ash-Ave-Etiwanda-CA-91739/17312208_zpid/,"$439,000"
17310011,San Bernardino,Rancho Cucamonga,91739,34.15629,-117.499518,http://www.zillow.com/homedetails/13973-Bradbury-Way-Rancho-Cucamonga-CA-91739/17310011_zpid/,"$700,000"
82918247,San Bernardino,Rancho Cucamonga,91739,34.113931,-117.536024,http://www.zillow.com/homedetails/7693-Chalet-Pl-UNIT-1-Rancho-Cucamonga-CA-91739/82918247_zpid/,"$415,888"
82922014,San Bernardino,Rancho Cucamonga,91739,34.107687,-117.521721,http://www.zillow.com/homedetails/8090-Cornwall-Ct-UNIT-48-Rancho-Cucamonga-CA-91739/82922014_zpid/,"$400,000"
69011460,San Bernardino,Rancho Cucamonga,91739,34.146716,-117.497331,http://www.zillow.com/homedetails/5909-Little-Oak-Ct-Rancho-Cucamonga-CA-91739/69011460_zpid/,"$785,000"
122345701,San Bernardino,Rancho Cucamonga,91739,34.112555,-117.52204,http://www.zillow.com/homedetails/7752-Three-Vines-Pl-Rancho-Cucamonga-CA-91739/122345701_zpid/,"$669,000"
59200370,San Bernardino,Rancho Cucamonga,91739,34.116441,-117.515471,http://www.zillow.com/homedetails/7536-Morning-Crest-Pl-Rancho-Cucamonga-CA-91739/59200370_zpid/,"$445,000"
17310111,San Bernardino,Rancho Cucamonga,91739,34.151501,-117.497614,http://www.zillow.com/homedetails/14053-Hastings-Ranch-Ln-Rancho-Cucamonga-CA-91739/17310111_zpid/,"$644,900"
2095036121,San Bernardino,Rancho Cucamonga,91739,34.1106,-117.5196,http://www.zillow.com/homedetails/7259-Corvina-Ct-UNIT-27-Rancho-Cucamonga-CA-91739/2095036121_zpid/,"$429,999"
61682897,San Bernardino,Rancho Cucamonga,91739,34.149448,-117.532455,http://www.zillow.com/homedetails/5749-Rosecroft-Ct-Etiwanda-CA-91739/61682897_zpid/,"$728,000"
52975055,San Bernardino,Rancho Cucamonga,91739,34.140602,-117.528888,http://www.zillow.com/homedetails/12650-Lost-Trail-Ct-Rancho-Cucamonga-CA-91739/52975055_zpid/,"$959,800"
2097298265,San Bernardino,Rancho Cucamonga,91739,34.154724,-117.51436,http://www.zillow.com/community/phoenix-crest/2097298265_zpid/,"$748,900+"
2097298266,San Bernardino,Rancho Cucamonga,91739,34.154724,-117.51436,http://www.zillow.com/community/phoenix-crest/2097298266_zpid/,"$919,900+"
59199051,San Bernardino,Rancho Cucamonga,91739,34.132636,-117.527867,http://www.zillow.com/homedetails/6686-Plum-Way-Rancho-Cucamonga-CA-91739/59199051_zpid/,"$465,000"
2095051670,San Bernardino,Rancho Cucamonga,91739,34.12782,-117.52674,http://www.zillow.com/homedetails/Decliff-Dr-Rancho-Cucamonga-CA-91739/2095051670_zpid/,"$1,195,000"
64577399,San Bernardino,Rancho Cucamonga,91739,34.115244,-117.533656,http://www.zillow.com/homedetails/12451-Wilson-Creek-Dr-Rancho-Cucamonga-CA-91739/64577399_zpid/,"$680,000"
2096080492,San Bernardino,Rancho Cucamonga,91739,34.141474,-117.514171,http://www.zillow.com/community/la-ventana/2096080492_zpid/,"$784,990+"
2096080490,San Bernardino,Rancho Cucamonga,91739,34.141474,-117.514171,http://www.zillow.com/community/la-ventana/2096080490_zpid/,"$844,880+"
63121145,San Bernardino,Rancho Cucamonga,91739,34.118865,-117.535689,http://www.zillow.com/homedetails/12356-Meritage-Ct-Rancho-Cucamonga-CA-91739/63121145_zpid/,"$875,000"
2097298269,San Bernardino,Rancho Cucamonga,91739,34.154724,-117.51436,http://www.zillow.com/community/phoenix-crest/2097298269_zpid/,"$933,900+"
2097298267,San Bernardino,Rancho Cucamonga,91739,34.154724,-117.51436,http://www.zillow.com/community/phoenix-crest/2097298267_zpid/,"$880,900+"
17312302,San Bernardino,Rancho Cucamonga,91739,34.131395,-117.52063,http://www.zillow.com/homedetails/13031-Vista-St-Rancho-Cucamonga-CA-91739/17312302_zpid/,"$460,000"
17316853,San Bernardino,Rancho Cucamonga,91739,34.104294,-117.520979,http://www.zillow.com/homedetails/13018-Ivy-Ave-Rancho-Cucamonga-CA-91739/17316853_zpid/,"$399,000"
82904490,San Bernardino,Rancho Cucamonga,91739,34.146229,-117.523674,http://www.zillow.com/homedetails/12885-Black-Creek-Ct-Rancho-Cucamonga-CA-91739/82904490_zpid/,"$1,169,900"
61649617,San Bernardino,Rancho Cucamonga,91739,34.148888,-117.53825,http://www.zillow.com/homedetails/12228-Split-Rein-Dr-Etiwanda-CA-91739/61649617_zpid/,"$798,000"
59198680,San Bernardino,Rancho Cucamonga,91739,34.135285,-117.535244,http://www.zillow.com/homedetails/6534-Mimosa-Pl-Rancho-Cucamonga-CA-91739/59198680_zpid/,"$455,000"
124206265,San Bernardino,Rancho Cucamonga,91739,34.1245,-117.5148,http://www.zillow.com/homedetails/13246-Joliet-Dr-Rancho-Cucamonga-CA-91739/124206265_zpid/,"$720,000"
82917467,San Bernardino,Rancho Cucamonga,91739,34.107702,-117.519734,http://www.zillow.com/homedetails/8090-Cornwall-Ct-UNIT-12-Rancho-Cucamonga-CA-91739/82917467_zpid/,"$405,000"
17309799,San Bernardino,Rancho Cucamonga,91739,34.149802,-117.524361,http://www.zillow.com/homedetails/12796-Canter-Ct-Rancho-Cucamonga-CA-91739/17309799_zpid/,"$622,000"
2096000262,San Bernardino,Rancho Cucamonga,91739,34.141474,-117.514171,http://www.zillow.com/homedetails/6342-Tribeca-Ct-Rancho-Cucamonga-CA-91739/2096000262_zpid/,"$1,237,922"
124727794,San Bernardino,Rancho Cucamonga,91739,34.1174,-117.5387,http://www.zillow.com/homedetails/13898-Nash-Dr-Rancho-Cucamonga-CA-91739/124727794_zpid/,"$1,025,000"
61650300,San Bernardino,Rancho Cucamonga,91739,34.126285,-117.509283,http://www.zillow.com/homedetails/13535-Williamson-Rd-Rancho-Cucamonga-CA-91739/61650300_zpid/,"$699,900"
64468606,San Bernardino,Rancho Cucamonga,91739,34.120301,-117.51772,http://www.zillow.com/homedetails/7331-Shelby-Pl-APT-96-Rancho-Cucamonga-CA-91739/64468606_zpid/,"$410,000"
2096080491,San Bernardino,Rancho Cucamonga,91739,34.141474,-117.514171,http://www.zillow.com/community/la-ventana/2096080491_zpid/,"$880,880+"
17310141,San Bernardino,Rancho Cucamonga,91739,34.151894,-117.500369,http://www.zillow.com/homedetails/13937-San-Dimas-Ln-Rancho-Cucamonga-CA-91739/17310141_zpid/,"$669,900"
17309445,San Bernardino,Rancho Cucamonga,91739,34.139739,-117.532414,http://www.zillow.com/homedetails/6278-Stable-Falls-Ave-Rancho-Cucamonga-CA-91739/17309445_zpid/,"$848,000"
55029362,San Bernardino,Rancho Cucamonga,91739,34.131629,-117.536305,http://www.zillow.com/homedetails/6738-Palo-Verde-Pl-Rancho-Cucamonga-CA-91739/55029362_zpid/,"$559,000"
61682807,San Bernardino,Rancho Cucamonga,91739,34.146806,-117.539829,http://www.zillow.com/homedetails/12163-Keenland-Dr-Etiwanda-CA-91739/61682807_zpid/,"$1,298,000"
17309339,San Bernardino,Rancho Cucamonga,91739,34.13705,-117.521439,http://www.zillow.com/homedetails/12969-Arapaho-Rd-Rancho-Cucamonga-CA-91739/17309339_zpid/,"$699,998"
61682928,San Bernardino,Rancho Cucamonga,91739,34.150735,-117.531354,http://www.zillow.com/homedetails/12539-Tejas-Ct-Etiwanda-CA-91739/61682928_zpid/,"$1,015,000"
2100709573,San Bernardino,Guasti,91743,34.070826,-117.587646,http://www.zillow.com/community/sedona-at-parkside/2100709573_zpid/,"$400,900+"
64504520,San Bernardino,Guasti,91743,34.075254,-117.584022,http://www.zillow.com/homedetails/1012-N-Turner-Ave-APT-244-Ontario-CA-91764/64504520_zpid/,"$339,000"
2100709575,San Bernardino,Guasti,91743,34.070826,-117.587646,http://www.zillow.com/community/sedona-at-parkside/2100709575_zpid/,"$388,900+"
2100709574,San Bernardino,Guasti,91743,34.070826,-117.587646,http://www.zillow.com/community/sedona-at-parkside/2100709574_zpid/,"$426,900+"
122898650,San Bernardino,Guasti,91743,34.071776,-117.590209,http://www.zillow.com/homedetails/2875-E-Via-Terrano-Ontario-CA-91764/122898650_zpid/,"$458,000"
17302048,San Bernardino,Guasti,91743,34.078588,-117.597266,http://www.zillow.com/homedetails/9529-Shadowgrove-Dr-Rancho-Cucamonga-CA-91730/17302048_zpid/,"$588,000"
82910693,San Bernardino,Guasti,91743,34.07586,-117.597604,http://www.zillow.com/homedetails/2462-E-Smiderle-Loop-Ontario-CA-91764/82910693_zpid/,"$589,900"
2096929651,San Bernardino,Guasti,91743,34.069629,-117.575932,http://www.zillow.com/homedetails/0-N-Haven-Ave-Rancho-Cucamonga-CA-91730/2096929651_zpid/,"$1,500,000"
122345920,San Bernardino,Guasti,91743,34.0716,-117.586812,http://www.zillow.com/homedetails/2993-E-Via-Corvina-Ontario-CA-91764/122345920_zpid/,"$599,900"
17578066,San Bernardino,Ontario,91758,34.067262,-117.662746,http://www.zillow.com/homedetails/762-W-D-St-Ontario-CA-91762/17578066_zpid/,"$445,364"
2100830353,San Bernardino,Ontario,91758,34.101918,-117.689608,http://www.zillow.com/community/upland-central/2100830353_zpid/,"$428,490+"
2098066546,San Bernardino,Ontario,91758,34.1211,-117.7285,http://www.zillow.com/community/serrano/2098066546_zpid/,"$521,235+"
2100830352,San Bernardino,Ontario,91758,34.101918,-117.689608,http://www.zillow.com/community/upland-central/2100830352_zpid/,"$462,510+"
2101235849,San Bernardino,Ontario,91758,34.0038,-117.5273,http://www.zillow.com/community/vintage/2101235849_zpid/,"$562,990+"
125105809,San Bernardino,Ontario,91758,34.0029,-117.6659,http://www.zillow.com/homedetails/14553-Hillsdale-St-Chino-CA-91710/125105809_zpid/,"$499,999"
2101235884,San Bernardino,Ontario,91758,33.9996,-117.5274,http://www.zillow.com/community/sage-pointe/2101235884_zpid/,"$496,490+"
2097026950,San Bernardino,Ontario,91758,34.1329,-117.5524,http://www.zillow.com/community/meadow-lane-estates/2097026950_zpid/,"$743,360+"
2097026945,San Bernardino,Ontario,91758,34.1329,-117.5524,http://www.zillow.com/community/meadow-lane-estates/2097026945_zpid/,"$731,888+"
95904673,San Bernardino,Ontario,91758,33.967228,-117.544455,http://www.zillow.com/homedetails/12064-Malachite-Ct-Mira-Loma-CA-91752/95904673_zpid/,"$450,000"
59198635,San Bernardino,Ontario,91758,34.122073,-117.546911,http://www.zillow.com/homedetails/11832-Larino-Dr-Rancho-Cucamonga-CA-91701/59198635_zpid/,"$499,900"
17598282,San Bernardino,Ontario,91758,34.129006,-117.563292,http://www.zillow.com/homedetails/11084-Delaware-St-Rancho-Cucamonga-CA-91701/17598282_zpid/,"$469,000"
2095275265,San Bernardino,Ontario,91758,34.09241,-117.6962,http://www.zillow.com/homedetails/4968-Arrow-Hwy-UNIT-E-Montclair-CA-91763/2095275265_zpid/,"$377,275"
2101235886,San Bernardino,Ontario,91758,33.9996,-117.5274,http://www.zillow.com/community/sage-pointe/2101235886_zpid/,"$477,490+"
2097026948,San Bernardino,Ontario,91758,34.1257,-117.5897,http://www.zillow.com/community/arabella-estates/2097026948_zpid/,"$719,908+"
65244326,San Bernardino,Ontario,91758,34.136884,-117.704381,http://www.zillow.com/homedetails/3738-Vincennes-Ct-Claremont-CA-91711/65244326_zpid/,"$1,600,000"
17306122,San Bernardino,Ontario,91761,34.025635,-117.568831,http://www.zillow.com/homedetails/3729-Santiago-Creek-Way-Ontario-CA-91761/17306122_zpid/,"$362,500"
17304169,San Bernardino,Ontario,91761,34.021353,-117.588,http://www.zillow.com/homedetails/2911-E-Dunes-St-Ontario-CA-91761/17304169_zpid/,"$389,900"
2096271992,San Bernardino,Ontario,91761,34.000867,-117.580904,http://www.zillow.com/community/arborel-at-new-haven/2096271992_zpid/,"$457,800+"
17581105,San Bernardino,Ontario,91761,34.052226,-117.646462,http://www.zillow.com/homedetails/422-E-Ralston-St-Ontario-CA-91761/17581105_zpid/,"$480,000"
2096184047,San Bernardino,Ontario,91761,33.999916,-117.580511,http://www.zillow.com/community/holiday-at-new-haven/2096184047_zpid/,"$309,500+"
2095947881,San Bernardino,Ontario,91761,33.999916,-117.580511,http://www.zillow.com/community/holiday-at-new-haven/2095947881_zpid/,"$358,000+"
2097196360,San Bernardino,Ontario,91761,34.001924,-117.581359,http://www.zillow.com/homedetails/3942-S-Silver-Oak-Way-Ontario-Ranch-CA-91761/2097196360_zpid/,"$446,000"
2096271996,San Bernardino,Ontario,91761,34.000867,-117.580904,http://www.zillow.com/homedetails/3190-E-La-Avenida-Dr-Ontario-CA-91761/2096271996_zpid/,"$446,800"
2097196357,San Bernardino,Ontario,91761,34.001924,-117.581359,http://www.zillow.com/community/waverly-at-new-haven/2097196357_zpid/,"$447,300+"
2096271998,San Bernardino,Ontario,91761,34.003944,-117.579971,http://www.zillow.com/community/poppy-at-new-haven/2096271998_zpid/,"$417,900+"
17305662,San Bernardino,Ontario,91761,34.020976,-117.570679,http://www.zillow.com/homedetails/3739-Country-Oaks-Loop-UNIT-H-Ontario-CA-91761/17305662_zpid/,"$132,500"
2095299840,San Bernardino,Ontario,91761,34.0181,-117.5958,http://www.zillow.com/community/bristol-at-countryside/2095299840_zpid/,"$479,490+"
94693020,San Bernardino,Ontario,91761,34.01539,-117.565422,http://www.zillow.com/homedetails/3200-S-Edenglen-Ave-UNIT-B-Ontario-CA-91761/94693020_zpid/,"$419,999"
2095343575,San Bernardino,Ontario,91761,34.0168,-117.5966,http://www.zillow.com/community/regent-pointe-at-countryside/2095343575_zpid/,"$430,490+"
2096271990,San Bernardino,Ontario,91761,34.000867,-117.580904,http://www.zillow.com/community/arborel-at-new-haven/2096271990_zpid/,"$433,000+"
2095343574,San Bernardino,Ontario,91761,34.0168,-117.5966,http://www.zillow.com/community/regent-pointe-at-countryside/2095343574_zpid/,"$439,990+"
17307223,San Bernardino,Ontario,91761,34.009388,-117.588769,http://www.zillow.com/homedetails/3532-Old-Archibald-Ranch-Rd-Ontario-CA-91761/17307223_zpid/,"$499,999"
17307071,San Bernardino,Ontario,91761,34.025393,-117.566349,http://www.zillow.com/homedetails/2614-Sherwin-Creek-Pl-Ontario-CA-91761/17307071_zpid/,"$399,900"
17586633,San Bernardino,Ontario,91761,34.024832,-117.646089,http://www.zillow.com/homedetails/2710-S-Sultana-Ave-Ontario-CA-91761/17586633_zpid/,"$599,000"
17303298,San Bernardino,Ontario,91761,34.023293,-117.621141,http://www.zillow.com/homedetails/1468-E-Saint-Andrews-St-Ontario-CA-91761/17303298_zpid/,"$470,000"
2099252865,San Bernardino,Ontario,91761,34.001924,-117.581359,http://www.zillow.com/community/waverly-at-new-haven/2099252865_zpid/,"$446,000+"
17586219,San Bernardino,Ontario,91761,34.025959,-117.633054,http://www.zillow.com/homedetails/2620-S-Cucamonga-Ave-Ontario-CA-91761/17586219_zpid/,"$489,000"
82921954,San Bernardino,Ontario,91761,34.013134,-117.563954,http://www.zillow.com/homedetails/3262-S-Westmont-Ln-UNIT-1-Ontario-CA-91761/82921954_zpid/,"$365,000"
2095299841,San Bernardino,Ontario,91761,34.0181,-117.5958,http://www.zillow.com/community/bristol-at-countryside/2095299841_zpid/,"$498,990+"
2095299842,San Bernardino,Ontario,91761,34.0181,-117.5958,http://www.zillow.com/community/bristol-at-countryside/2095299842_zpid/,"$485,490+"
2099627559,San Bernardino,Ontario,91761,34.001924,-117.581359,http://www.zillow.com/community/summerset-at-new-haven/2099627559_zpid/,"$530,500+"
2095343576,San Bernardino,Ontario,91761,34.0168,-117.5966,http://www.zillow.com/community/regent-pointe-at-countryside/2095343576_zpid/,"$456,990+"
2096271999,San Bernardino,Ontario,91761,34.003944,-117.579971,http://www.zillow.com/community/poppy-at-new-haven/2096271999_zpid/,"$425,900+"
82906701,San Bernardino,Ontario,91761,34.022346,-117.613136,http://www.zillow.com/homedetails/1855-E-Riverside-Dr-SPC-72-Ontario-CA-91761/82906701_zpid/,"$55,000"
82920638,San Bernardino,Ontario,91761,34.019725,-117.612854,http://www.zillow.com/homedetails/1855-E-Riverside-Dr-SPC-44-Ontario-CA-91761/82920638_zpid/,"$40,000"
82896370,San Bernardino,Ontario,91761,34.019725,-117.612854,http://www.zillow.com/homedetails/1855-E-Riverside-Dr-SPC-245-Ontario-CA-91761/82896370_zpid/,"$74,900"
82919036,San Bernardino,Ontario,91761,34.033,-117.625183,http://www.zillow.com/homedetails/1456-E-Philadelphia-St-SPC-410-Ontario-CA-91761/82919036_zpid/,"$78,000"
2099589845,San Bernardino,Ontario,91761,34.03376,-117.64677,http://www.zillow.com/homedetails/310-E-Philadelphia-94-Ontario-CA-91761/2099589845_zpid/,"$38,500"
82905582,San Bernardino,Ontario,91761,34.019725,-117.612854,http://www.zillow.com/homedetails/1855-E-Riverside-Dr-SPC-226-Ontario-CA-91761/82905582_zpid/,"$53,000"
82902788,San Bernardino,Ontario,91761,34.033,-117.625183,http://www.zillow.com/homedetails/1456-E-Philadelphia-St-SPC-293-Ontario-CA-91761/82902788_zpid/,"$66,900"
2097153751,San Bernardino,Ontario,91761,34.03376,-117.64677,http://www.zillow.com/homedetails/310-E-Philadelphia-St-SPC-53-Ontario-CA-91761/2097153751_zpid/,"$26,000"
2096623024,San Bernardino,Ontario,91761,34.03376,-117.64677,http://www.zillow.com/homedetails/310-E-Philadelphia-St-SPC-64-Ontario-CA-91761/2096623024_zpid/,"$48,000"
82916424,San Bernardino,Ontario,91761,34.033,-117.625183,http://www.zillow.com/homedetails/1456-E-Philadelphia-St-SPC-350-Ontario-CA-91761/82916424_zpid/,"$95,000"
17578066,San Bernardino,Ontario,91762,34.067262,-117.662746,http://www.zillow.com/homedetails/762-W-D-St-Ontario-CA-91762/17578066_zpid/,"$445,364"
17527701,San Bernardino,Ontario,91762,34.069961,-117.664592,http://www.zillow.com/homedetails/844-W-F-St-Ontario-CA-91762/17527701_zpid/,"$390,000"
17527816,San Bernardino,Ontario,91762,34.065697,-117.664941,http://www.zillow.com/homedetails/859-Hollowell-St-Ontario-CA-91762/17527816_zpid/,"$349,900"
17520442,San Bernardino,Ontario,91762,34.083594,-117.668108,http://www.zillow.com/homedetails/1012-W-Hawthorne-St-Ontario-CA-91762/17520442_zpid/,"$445,000"
17527327,San Bernardino,Ontario,91762,34.070185,-117.675626,http://www.zillow.com/homedetails/1326-W-F-St-Ontario-CA-91762/17527327_zpid/,"$375,000"
17534438,San Bernardino,Ontario,91762,34.039318,-117.66926,http://www.zillow.com/homedetails/1051-W-Francis-St-APT-A-Ontario-CA-91762/17534438_zpid/,"$219,800"
2118039078,San Bernardino,Ontario,91762,34.051731,-117.661911,http://www.zillow.com/homedetails/740-W-Belmont-St-Ontario-CA-91762/2118039078_zpid/,"$299,900"
17533289,San Bernardino,Ontario,91762,34.045646,-117.665201,http://www.zillow.com/homedetails/852-Jacaranda-St-Ontario-CA-91762/17533289_zpid/,"$399,900"
17533475,San Bernardino,Ontario,91762,34.041211,-117.663666,http://www.zillow.com/homedetails/1760-S-Cypress-Ave-Ontario-CA-91762/17533475_zpid/,"$395,000"
17520540,San Bernardino,Ontario,91762,34.081774,-117.664477,http://www.zillow.com/homedetails/840-W-5th-St-Ontario-CA-91762/17520540_zpid/,"$415,000"
17578184,San Bernardino,Ontario,91762,34.068101,-117.658524,http://www.zillow.com/homedetails/438-Beverly-Sq-Ontario-CA-91762/17578184_zpid/,"$325,000"
17573705,San Bernardino,Ontario,91762,34.085735,-117.655634,http://www.zillow.com/homedetails/419-W-Caroline-Ct-Ontario-CA-91762/17573705_zpid/,"$548,000"
17534559,San Bernardino,Ontario,91762,34.034429,-117.6668,http://www.zillow.com/homedetails/926-W-Philadelphia-St-UNIT-16-Ontario-CA-91762/17534559_zpid/,"$237,800"
2096207308,San Bernardino,Ontario,91762,34.040974,-117.659915,http://www.zillow.com/homedetails/623-W-Francis-St-Ontario-CA-91762/2096207308_zpid/,"$550,000"
17527932,San Bernardino,Ontario,91762,34.066674,-117.667181,http://www.zillow.com/homedetails/957-W-D-St-Ontario-CA-91762/17527932_zpid/,"$415,000"
111049341,San Bernardino,Ontario,91762,34.035753,-117.665611,http://www.zillow.com/homedetails/903-Laroda-Ct-Ontario-CA-91762/111049341_zpid/,"$460,000"
17580240,San Bernardino,Ontario,91762,34.058739,-117.653235,http://www.zillow.com/homedetails/223-W-Park-St-Ontario-CA-91762/17580240_zpid/,"$210,000"
17581427,San Bernardino,Ontario,91762,34.051594,-117.656226,http://www.zillow.com/homedetails/1130-S-Vine-Ave-Ontario-CA-91762/17581427_zpid/,"$349,888"
17527288,San Bernardino,Ontario,91762,34.068163,-117.677258,http://www.zillow.com/homedetails/1405-W-Fawn-St-Ontario-CA-91762/17527288_zpid/,"$390,000"
17527872,San Bernardino,Ontario,91762,34.064434,-117.667152,http://www.zillow.com/homedetails/951-Pinyon-Ct-Ontario-CA-91762/17527872_zpid/,"$265,000"
17527563,San Bernardino,Ontario,91762,34.068054,-117.672186,http://www.zillow.com/homedetails/438-Camellia-Ave-Ontario-CA-91762/17527563_zpid/,$318K
2096207309,San Bernardino,Ontario,91762,34.04043,-117.659055,http://www.zillow.com/homedetails/1824-S-San-Antonio-Ave-Ontario-CA-91762/2096207309_zpid/,"$550,000"
17580223,San Bernardino,Ontario,91762,34.058661,-117.65429,http://www.zillow.com/homedetails/319-W-Park-St-Ontario-CA-91762/17580223_zpid/,"$300,000"
17581409,San Bernardino,Ontario,91762,34.052807,-117.657717,http://www.zillow.com/homedetails/552-W-Ralston-St-Ontario-CA-91762/17581409_zpid/,"$325,000"
17520919,San Bernardino,Ontario,91762,34.078513,-117.675168,http://www.zillow.com/homedetails/1311-W-Harvard-Pl-Ontario-CA-91762/17520919_zpid/,"$435,000"
17580564,San Bernardino,Ontario,91762,34.054343,-117.656692,http://www.zillow.com/homedetails/521-W-Carlton-St-Ontario-CA-91762/17580564_zpid/,"$499,999"
17581278,San Bernardino,Ontario,91762,34.053276,-117.654084,http://www.zillow.com/homedetails/313-W-Maitland-St-Ontario-CA-91762/17581278_zpid/,"$369,000"
17534716,San Bernardino,Ontario,91762,34.034992,-117.671343,http://www.zillow.com/homedetails/2145-Magnolia-Ave-Ontario-CA-91762/17534716_zpid/,"$285,000"
2096704054,San Bernardino,Ontario,91762,34.05461,-117.67016,http://www.zillow.com/homedetails/310-E-Philadelphia-143-Ontario-CA-91762/2096704054_zpid/,"$35,000"
17528871,San Bernardino,Ontario,91762,34.055649,-117.66647,http://www.zillow.com/homedetails/806-Briar-Privado-Ontario-CA-91762/17528871_zpid/,"$274,900"
79556872,San Bernardino,Ontario,91762,34.057072,-117.664467,http://www.zillow.com/homedetails/850-W-Mission-Blvd-TRLR-A26-Ontario-CA-91762/79556872_zpid/,"$34,900"
2095275265,San Bernardino,Montclair,91763,34.09241,-117.6962,http://www.zillow.com/homedetails/4968-Arrow-Hwy-UNIT-E-Montclair-CA-91763/2095275265_zpid/,"$377,275"
17522348,San Bernardino,Montclair,91763,34.082175,-117.705361,http://www.zillow.com/homedetails/4579-Bonnie-Brae-St-Montclair-CA-91763/17522348_zpid/,"$360,000"
2095002012,San Bernardino,Montclair,91763,34.055419,-117.691637,http://www.zillow.com/community/anzio/2095002012_zpid/,"$461,990+"
2095002010,San Bernardino,Montclair,91763,34.055419,-117.691637,http://www.zillow.com/community/anzio/2095002010_zpid/,"$428,990+"
2102998184,San Bernardino,Montclair,91763,34.09263,-117.69536,http://www.zillow.com/community/district-at-arrow-station/2102998184_zpid/,"$336,990+"
2095002011,San Bernardino,Montclair,91763,34.055419,-117.691637,http://www.zillow.com/community/anzio/2095002011_zpid/,"$447,990+"
2102998185,San Bernardino,Montclair,91763,34.09263,-117.69536,http://www.zillow.com/community/district-at-arrow-station/2102998185_zpid/,"$375,990+"
2102981383,San Bernardino,Montclair,91763,34.09263,-117.69536,http://www.zillow.com/community/walk-at-arrow-station/2102981383_zpid/,"$495,990+"
2102998187,San Bernardino,Montclair,91763,34.09263,-117.69536,http://www.zillow.com/community/district-at-arrow-station/2102998187_zpid/,"$365,990+"
2102998186,San Bernardino,Montclair,91763,34.09263,-117.69536,http://www.zillow.com/community/district-at-arrow-station/2102998186_zpid/,"$331,990+"
17528413,San Bernardino,Montclair,91763,34.065881,-117.69412,http://www.zillow.com/homedetails/10347-Fremont-Ave-Montclair-CA-91763/17528413_zpid/,"$425,000"
17524987,San Bernardino,Montclair,91763,34.077029,-117.693077,http://www.zillow.com/homedetails/5133-Taos-Dr-Montclair-CA-91763/17524987_zpid/,"$300,000"
17523915,San Bernardino,Montclair,91763,34.068718,-117.711498,http://www.zillow.com/homedetails/10197-Amherst-Ave-Montclair-CA-91763/17523915_zpid/,"$390,000"
2095108224,San Bernardino,Montclair,91763,34.088878,-117.683433,http://www.zillow.com/homedetails/5580-Moreno-St-SPC-50-Montclair-CA-91763/2095108224_zpid/,"$45,000"
17528271,San Bernardino,Montclair,91763,34.064171,-117.684913,http://www.zillow.com/homedetails/10441-Vernon-Ave-Montclair-CA-91763/17528271_zpid/,"$345,000"
2095166898,San Bernardino,Montclair,91763,34.0723,-117.69876,http://www.zillow.com/homedetails/5150-Adera-St-Montclair-CA-91763/2095166898_zpid/,"$459,990"
17524381,San Bernardino,Montclair,91763,34.064755,-117.700616,http://www.zillow.com/homedetails/10411-Tudor-Ave-Montclair-CA-91763/17524381_zpid/,"$385,000"
111076054,San Bernardino,Montclair,91763,34.051921,-117.70773,http://www.zillow.com/homedetails/4439-Howard-St-Montclair-CA-91763/111076054_zpid/,"$479,900"
2095134061,San Bernardino,Montclair,91763,34.0907,-117.6951,http://www.zillow.com/homedetails/8872-Maple-UNIT-A-Montclair-CA-91763/2095134061_zpid/,"$350,998"
17522545,San Bernardino,Montclair,91763,34.083259,-117.700625,http://www.zillow.com/homedetails/9382-Shadowood-Dr-APT-B-Montclair-CA-91763/17522545_zpid/,"$309,900"
2095274538,San Bernardino,Montclair,91763,34.09241,-117.6962,http://www.zillow.com/homedetails/4968-Arrow-Hwy-UNIT-C-Montclair-CA-91763/2095274538_zpid/,"$379,611"
111036016,San Bernardino,Montclair,91763,34.06588,-117.712749,http://www.zillow.com/homedetails/4230-Via-Morgana-Davis-Montclair-CA-91763/111036016_zpid/,"$433,800"
17523578,San Bernardino,Montclair,91763,34.070876,-117.707406,http://www.zillow.com/homedetails/10080-Ramona-Ave-Montclair-CA-91763/17523578_zpid/,"$334,900"
63122327,San Bernardino,Montclair,91763,34.079609,-117.698539,http://www.zillow.com/homedetails/4887-Princeton-St-Montclair-CA-91763/63122327_zpid/,"$499,999"
2095274218,San Bernardino,Montclair,91763,34.0907,-117.6951,http://www.zillow.com/homedetails/8872-Maple-UNIT-C-Montclair-CA-91763/2095274218_zpid/,"$401,639"
82923022,San Bernardino,Montclair,91763,34.054023,-117.710955,http://www.zillow.com/homedetails/4361-Mission-Blvd-SPC-198-Montclair-CA-91763/82923022_zpid/,"$65,000"
2095418533,San Bernardino,Montclair,91763,34.049532,-117.710771,http://www.zillow.com/homedetails/11250-Ramona-Ave-SPC-708-Montclair-CA-91763/2095418533_zpid/,"$174,900"
17529559,San Bernardino,Montclair,91763,34.052783,-117.69086,http://www.zillow.com/homedetails/5214-Berkshire-Way-Montclair-CA-91763/17529559_zpid/,"$250,000"
17526407,San Bernardino,Montclair,91763,34.070936,-117.686911,http://www.zillow.com/homedetails/5421-Rudisill-St-Montclair-CA-91763/17526407_zpid/,$338K
2095009541,San Bernardino,Ontario,91764,34.08118,-117.62125,http://www.zillow.com/homedetails/1512-E-5th-St-SPC-110-Ontario-CA-91764/2095009541_zpid/,"$115,995"
17578286,San Bernardino,Ontario,91764,34.069775,-117.649112,http://www.zillow.com/homedetails/213-E-F-St-Ontario-CA-91764/17578286_zpid/,"$494,000"
2100709573,San Bernardino,Ontario,91764,34.070826,-117.587646,http://www.zillow.com/community/sedona-at-parkside/2100709573_zpid/,"$400,900+"
17576208,San Bernardino,Ontario,91764,34.075462,-117.647674,http://www.zillow.com/homedetails/321-Plaza-Serena-Ontario-CA-91764/17576208_zpid/,"$399,000"
17573165,San Bernardino,Ontario,91764,34.09054,-117.630597,http://www.zillow.com/homedetails/1147-E-Olive-Ct-Ontario-CA-91764/17573165_zpid/,"$374,900"
17578930,San Bernardino,Ontario,91764,34.066796,-117.630005,http://www.zillow.com/homedetails/1152-E-D-St-Ontario-CA-91764/17578930_zpid/,"$419,800"
64504520,San Bernardino,Ontario,91764,34.075254,-117.584022,http://www.zillow.com/homedetails/1012-N-Turner-Ave-APT-244-Ontario-CA-91764/64504520_zpid/,"$339,000"
17205175,San Bernardino,Ontario,91764,34.081536,-117.618991,http://www.zillow.com/homedetails/1635-E-5th-St-Ontario-CA-91764/17205175_zpid/,"$349,900"
17578369,San Bernardino,Ontario,91764,34.069936,-117.646281,http://www.zillow.com/homedetails/615-N-Sultana-Ave-Ontario-CA-91764/17578369_zpid/,"$299,900"
2097448597,San Bernardino,Ontario,91764,34.065521,-117.64167,http://www.zillow.com/homedetails/225-N-Campus-Ave-Ontario-CA-91764/2097448597_zpid/,"$329,900"
2100709575,San Bernardino,Ontario,91764,34.070826,-117.587646,http://www.zillow.com/community/sedona-at-parkside/2100709575_zpid/,"$388,900+"
69011280,San Bernardino,Ontario,91764,34.070167,-117.615252,http://www.zillow.com/homedetails/521-N-Orange-Privado-Ontario-CA-91764/69011280_zpid/,"$379,000"
17301115,San Bernardino,Ontario,91764,34.083742,-117.619386,http://www.zillow.com/homedetails/1626-E-La-Deney-Dr-Ontario-CA-91764/17301115_zpid/,"$375,000"
17578431,San Bernardino,Ontario,91764,34.069942,-117.64291,http://www.zillow.com/homedetails/625-E-F-St-Ontario-CA-91764/17578431_zpid/,"$350,000"
17205274,San Bernardino,Ontario,91764,34.080619,-117.618481,http://www.zillow.com/homedetails/1651-E-Yale-St-Ontario-CA-91764/17205274_zpid/,"$363,000"
17206286,San Bernardino,Ontario,91764,34.076199,-117.623748,http://www.zillow.com/homedetails/1012-N-Glenn-Ave-Ontario-CA-91764/17206286_zpid/,"$374,900"
69013736,San Bernardino,Ontario,91764,34.079403,-117.60452,http://www.zillow.com/homedetails/2139-E-4th-St-SPC-139-Ontario-CA-91764/69013736_zpid/,"$66,000"
17301506,San Bernardino,Ontario,91764,34.080061,-117.610656,http://www.zillow.com/homedetails/1902-E-Yale-St-APT-A-Ontario-CA-91764/17301506_zpid/,"$280,000"
17207440,San Bernardino,Ontario,91764,34.071957,-117.619619,http://www.zillow.com/homedetails/738-N-Baker-Ave-Ontario-CA-91764/17207440_zpid/,"$399,000"
17578469,San Bernardino,Ontario,91764,34.067363,-117.644253,http://www.zillow.com/homedetails/553-E-D-St-Ontario-CA-91764/17578469_zpid/,"$374,999"
17204856,San Bernardino,Ontario,91764,34.083251,-117.624904,http://www.zillow.com/homedetails/1420-E-La-Deney-Dr-Ontario-CA-91764/17204856_zpid/,"$339,900"
17574261,San Bernardino,Ontario,91764,34.084808,-117.649159,http://www.zillow.com/homedetails/214-E-6th-St-Ontario-CA-91764/17574261_zpid/,"$679,000"
17574927,San Bernardino,Ontario,91764,34.079522,-117.631111,http://www.zillow.com/homedetails/1122-E-Princeton-St-Ontario-CA-91764/17574927_zpid/,"$333,000"
17579328,San Bernardino,Ontario,91764,34.066358,-117.644124,http://www.zillow.com/homedetails/559-Lynn-Haven-St-Ontario-CA-91764/17579328_zpid/,"$350,000"
2109213842,San Bernardino,Ontario,91764,34.091007,-117.610771,http://www.zillow.com/homedetails/1830-N-Vineyard-Ave-Ontario-CA-91764/2109213842_zpid/,"$245,000"
69011330,San Bernardino,Ontario,91764,34.067328,-117.613647,http://www.zillow.com/homedetails/1795-E-D-St-Ontario-CA-91764/69011330_zpid/,"$405,000"
2117412623,San Bernardino,Ontario,91764,34.081798,-117.628898,http://www.zillow.com/homedetails/1303-N-Grove-Ave-Ontario-CA-91764/2117412623_zpid/,"$719,800"
17579186,San Bernardino,Ontario,91764,34.065053,-117.641001,http://www.zillow.com/homedetails/210-N-Campus-Ave-Ontario-CA-91764/17579186_zpid/,"$579,900"
17207343,San Bernardino,Ontario,91764,34.082183,-117.6126,http://www.zillow.com/homedetails/1333-N-San-Diego-Ave-Ontario-CA-91764/17207343_zpid/,"$249,000"
17578358,San Bernardino,Ontario,91764,34.068568,-117.646469,http://www.zillow.com/homedetails/423-E-E-St-Ontario-CA-91764/17578358_zpid/,"$398,000"
17512536,San Bernardino,Upland,91784,34.16062,-117.661128,http://www.zillow.com/homedetails/2622-Holly-Dr-Upland-CA-91784/17512536_zpid/,"$1,985,000"
61651337,San Bernardino,Upland,91784,34.131151,-117.6271,http://www.zillow.com/homedetails/1528-Vigilant-St-Upland-CA-91784/61651337_zpid/,"$619,000"
17512702,San Bernardino,Upland,91784,34.155118,-117.668254,http://www.zillow.com/homedetails/1098-W-25th-St-Upland-CA-91784/17512702_zpid/,"$1,125,000"
124435067,San Bernardino,Upland,91784,34.126922,-117.637975,http://www.zillow.com/homedetails/844-Matthys-Way-Upland-CA-91784/124435067_zpid/,"$529,000"
69009601,San Bernardino,Upland,91784,34.127999,-117.628897,http://www.zillow.com/homedetails/1425-Gorgen-Ln-Upland-CA-91784/69009601_zpid/,"$750,000"
17564560,San Bernardino,Upland,91784,34.141777,-117.663,http://www.zillow.com/homedetails/883-Juliet-Ct-Upland-CA-91784/17564560_zpid/,"$749,000"
17516236,San Bernardino,Upland,91784,34.123893,-117.674441,http://www.zillow.com/homedetails/1664-Maywood-Ave-Upland-CA-91784/17516236_zpid/,"$588,000"
17514182,San Bernardino,Upland,91784,34.136712,-117.66787,http://www.zillow.com/homedetails/2017-N-Omalley-Way-Upland-CA-91784/17514182_zpid/,"$890,000"
17563788,San Bernardino,Upland,91784,34.147917,-117.657789,http://www.zillow.com/homedetails/2336-W-Orange-Dr-N-Upland-CA-91784/17563788_zpid/,"$509,900"
17565061,San Bernardino,Upland,91784,34.139033,-117.658064,http://www.zillow.com/homedetails/2081-N-Tulare-Way-Upland-CA-91784/17565061_zpid/,"$780,000"
69009508,San Bernardino,Upland,91784,34.128432,-117.638055,http://www.zillow.com/homedetails/1789-Wright-Pl-Upland-CA-91784/69009508_zpid/,"$620,000"
17563809,San Bernardino,Upland,91784,34.14765,-117.658345,http://www.zillow.com/homedetails/2315-N-Orange-Dr-W-Upland-CA-91784/17563809_zpid/,"$745,888"
69009412,San Bernardino,Upland,91784,34.125943,-117.632696,http://www.zillow.com/homedetails/1723-Swan-Loop-W-Upland-CA-91784/69009412_zpid/,"$735,000"
17565023,San Bernardino,Upland,91784,34.136586,-117.655927,http://www.zillow.com/homedetails/2009-La-Palma-Ave-Upland-CA-91784/17565023_zpid/,"$745,000"
17512500,San Bernardino,Upland,91784,34.157354,-117.658948,http://www.zillow.com/homedetails/2552-Mountain-Dr-Upland-CA-91784/17512500_zpid/,"$1,500,000"
17513662,San Bernardino,Upland,91784,34.142707,-117.67754,http://www.zillow.com/homedetails/2186-Wetherly-Ct-Upland-CA-91784/17513662_zpid/,"$779,500"
17512541,San Bernardino,Upland,91784,34.157168,-117.661333,http://www.zillow.com/homedetails/2533-Mountain-Dr-Upland-CA-91784/17512541_zpid/,"$1,378,000"
17512316,San Bernardino,Upland,91784,34.15142,-117.655451,http://www.zillow.com/homedetails/2418-Vista-Dr-Upland-CA-91784/17512316_zpid/,"$769,000"
69009512,San Bernardino,Upland,91784,34.127884,-117.638361,http://www.zillow.com/homedetails/1773-Wright-Pl-Upland-CA-91784/69009512_zpid/,"$659,999"
17514949,San Bernardino,Upland,91784,34.131528,-117.665902,http://www.zillow.com/homedetails/1878-Elaine-Way-Upland-CA-91784/17514949_zpid/,"$699,000"
69009427,San Bernardino,Upland,91784,34.125997,-117.63183,http://www.zillow.com/homedetails/1315-Swan-Loop-S-Upland-CA-91784/69009427_zpid/,"$624,900"
2095098223,San Bernardino,Upland,91784,34.132405,-117.64485,http://www.zillow.com/homedetails/456-E-19th-St-Upland-CA-91784/2095098223_zpid/,"$914,500"
17515608,San Bernardino,Upland,91784,34.125814,-117.670913,http://www.zillow.com/homedetails/1221-Parkview-Cir-Upland-CA-91784/17515608_zpid/,"$510,000"
17514071,San Bernardino,Upland,91784,34.142648,-117.663504,http://www.zillow.com/homedetails/905-Deborah-St-Upland-CA-91784/17514071_zpid/,"$699,999"
17564823,San Bernardino,Upland,91784,34.141933,-117.643899,http://www.zillow.com/homedetails/2166-N-Buckingham-Way-Upland-CA-91784/17564823_zpid/,"$1,169,000"
17512367,San Bernardino,Upland,91784,34.15686,-117.654886,http://www.zillow.com/homedetails/2520-San-Antonio-Cres-E-Upland-CA-91784/17512367_zpid/,"$1,200,000"
17594820,San Bernardino,Upland,91785,34.157708,-117.563641,http://www.zillow.com/homedetails/11082-Deer-Canyon-Dr-Rancho-Cucamonga-CA-91737/17594820_zpid/,"$1,499,888"
17594810,San Bernardino,Upland,91785,34.156035,-117.564019,http://www.zillow.com/homedetails/5454-Canistel-Ave-Rancho-Cucamonga-CA-91737/17594810_zpid/,"$1,250,000"
17578066,San Bernardino,Upland,91785,34.067262,-117.662746,http://www.zillow.com/homedetails/762-W-D-St-Ontario-CA-91762/17578066_zpid/,"$445,364"
2100830353,San Bernardino,Upland,91785,34.101918,-117.689608,http://www.zillow.com/community/upland-central/2100830353_zpid/,"$428,490+"
2100830352,San Bernardino,Upland,91785,34.101918,-117.689608,http://www.zillow.com/community/upland-central/2100830352_zpid/,"$462,510+"
2098066546,San Bernardino,Upland,91785,34.1211,-117.7285,http://www.zillow.com/community/serrano/2098066546_zpid/,"$521,235+"
2097026950,San Bernardino,Upland,91785,34.1329,-117.5524,http://www.zillow.com/community/meadow-lane-estates/2097026950_zpid/,"$743,360+"
2097026945,San Bernardino,Upland,91785,34.1329,-117.5524,http://www.zillow.com/community/meadow-lane-estates/2097026945_zpid/,"$731,888+"
59198635,San Bernardino,Upland,91785,34.122073,-117.546911,http://www.zillow.com/homedetails/11832-Larino-Dr-Rancho-Cucamonga-CA-91701/59198635_zpid/,"$499,900"
17598282,San Bernardino,Upland,91785,34.129006,-117.563292,http://www.zillow.com/homedetails/11084-Delaware-St-Rancho-Cucamonga-CA-91701/17598282_zpid/,"$469,000"
2095275265,San Bernardino,Upland,91785,34.09241,-117.6962,http://www.zillow.com/homedetails/4968-Arrow-Hwy-UNIT-E-Montclair-CA-91763/2095275265_zpid/,"$377,275"
2097026948,San Bernardino,Upland,91785,34.1257,-117.5897,http://www.zillow.com/community/arabella-estates/2097026948_zpid/,"$719,908+"
65244326,San Bernardino,Upland,91785,34.136884,-117.704381,http://www.zillow.com/homedetails/3738-Vincennes-Ct-Claremont-CA-91711/65244326_zpid/,"$1,600,000"
17569256,San Bernardino,Upland,91785,34.110841,-117.629865,http://www.zillow.com/homedetails/1463-E-13th-St-Upland-CA-91786/17569256_zpid/,"$480,000"
17292727,San Bernardino,Upland,91785,34.129089,-117.611546,http://www.zillow.com/homedetails/6894-Charloma-St-Rancho-Cucamonga-CA-91701/17292727_zpid/,"$419,900"
17522348,San Bernardino,Upland,91785,34.082175,-117.705361,http://www.zillow.com/homedetails/4579-Bonnie-Brae-St-Montclair-CA-91763/17522348_zpid/,"$360,000"
2100830353,San Bernardino,Upland,91786,34.101918,-117.689608,http://www.zillow.com/community/upland-central/2100830353_zpid/,"$428,490+"
2100830352,San Bernardino,Upland,91786,34.101918,-117.689608,http://www.zillow.com/community/upland-central/2100830352_zpid/,"$462,510+"
17569256,San Bernardino,Upland,91786,34.110841,-117.629865,http://www.zillow.com/homedetails/1463-E-13th-St-Upland-CA-91786/17569256_zpid/,"$480,000"
17570610,San Bernardino,Upland,91786,34.100588,-117.651722,http://www.zillow.com/homedetails/565-N-Euclid-Ave-Upland-CA-91786/17570610_zpid/,"$770,000"
82921096,San Bernardino,Upland,91786,34.100627,-117.631555,http://www.zillow.com/homedetails/1320-San-Bernardino-Rd-SPC-8-Upland-CA-91786/82921096_zpid/,"$130,000"
17570578,San Bernardino,Upland,91786,34.103181,-117.652937,http://www.zillow.com/homedetails/795-N-Laurel-Ave-Upland-CA-91786/17570578_zpid/,"$439,900"
17570271,San Bernardino,Upland,91786,34.102062,-117.640658,http://www.zillow.com/homedetails/645-N-8th-Ave-Upland-CA-91786/17570271_zpid/,"$340,000"
17573738,San Bernardino,Upland,91786,34.088482,-117.653016,http://www.zillow.com/homedetails/148-W-7th-St-Upland-CA-91786/17573738_zpid/,"$399,999"
17571155,San Bernardino,Upland,91786,34.09637,-117.653575,http://www.zillow.com/homedetails/191-W-9th-St-Upland-CA-91786/17571155_zpid/,"$379,900"
17521454,San Bernardino,Upland,91786,34.09156,-117.673506,http://www.zillow.com/homedetails/1323-Maxwell-Ln-24-Upland-CA-91786/17521454_zpid/,"$232,512"
17567004,San Bernardino,Upland,91786,34.119863,-117.658746,http://www.zillow.com/homedetails/616-W-Aster-St-Upland-CA-91786/17567004_zpid/,"$648,000"
17570211,San Bernardino,Upland,91786,34.105544,-117.63802,http://www.zillow.com/homedetails/919-N-10th-Ave-Upland-CA-91786/17570211_zpid/,"$410,000"
17571081,San Bernardino,Upland,91786,34.096291,-117.656677,http://www.zillow.com/homedetails/435-W-9th-St-UNIT-C1-Upland-CA-91786/17571081_zpid/,"$239,900"
17573866,San Bernardino,Upland,91786,34.087839,-117.662757,http://www.zillow.com/homedetails/884-Azure-Ct-Upland-CA-91786/17573866_zpid/,"$420,000"
17517203,San Bernardino,Upland,91786,34.115741,-117.670604,http://www.zillow.com/homedetails/1443-N-Mountain-Ave-Upland-CA-91786/17517203_zpid/,"$499,000"
17569652,San Bernardino,Upland,91786,34.11035,-117.655864,http://www.zillow.com/homedetails/370-W-13th-St-Upland-CA-91786/17569652_zpid/,"$489,000"
17567227,San Bernardino,Upland,91786,34.119617,-117.646671,http://www.zillow.com/homedetails/1547-N-3rd-Ave-Upland-CA-91786/17567227_zpid/,"$489,900"
17569712,San Bernardino,Upland,91786,34.108685,-117.657675,http://www.zillow.com/homedetails/1151-N-Tulare-Way-Upland-CA-91786/17569712_zpid/,"$515,000"
2104658088,San Bernardino,Upland,91786,34.098145,-117.645691,http://www.zillow.com/homedetails/394-D-St-Upland-CA-91786/2104658088_zpid/,"$330,000"
17566970,San Bernardino,Upland,91786,34.119992,-117.662938,http://www.zillow.com/homedetails/881-Emily-Ct-Upland-CA-91786/17566970_zpid/,"$529,900"
17567471,San Bernardino,Upland,91786,34.120032,-117.63139,http://www.zillow.com/homedetails/1310-Upland-Hills-Dr-S-Upland-CA-91786/17567471_zpid/,"$585,000"
82907100,San Bernardino,Upland,91786,34.107506,-117.678065,http://www.zillow.com/homedetails/1497-Amsterdam-Ct-Upland-CA-91786/82907100_zpid/,"$389,000"
17573112,San Bernardino,Upland,91786,34.091009,-117.635454,http://www.zillow.com/homedetails/282-Settlers-Rd-Upland-CA-91786/17573112_zpid/,"$440,000"
17518691,San Bernardino,Upland,91786,34.098822,-117.680019,http://www.zillow.com/homedetails/429-Corte-Verde-Upland-CA-91786/17518691_zpid/,"$389,000"
17517701,San Bernardino,Upland,91786,34.113941,-117.665963,http://www.zillow.com/homedetails/1018-W-14th-St-Upland-CA-91786/17517701_zpid/,$590K
82899682,San Bernardino,Upland,91786,34.110907,-117.63914,http://www.zillow.com/homedetails/929-E-Foothill-Blvd-SPC-113-Upland-CA-91786/82899682_zpid/,"$80,000"
82902515,San Bernardino,Upland,91786,34.103576,-117.630905,http://www.zillow.com/homedetails/1350-San-Bernardino-Rd-SPC-145-Upland-CA-91786/82902515_zpid/,"$65,000"
69015170,San Bernardino,Upland,91786,34.102306,-117.630172,http://www.zillow.com/homedetails/1350-San-Bernardino-Rd-SPC-166-Upland-CA-91786/69015170_zpid/,"$65,000"
17571050,San Bernardino,Upland,91786,34.096978,-117.657399,http://www.zillow.com/homedetails/520-Diamond-Ct-Upland-CA-91786/17571050_zpid/,"$265,000"
17567606,San Bernardino,Upland,91786,34.117384,-117.629285,http://www.zillow.com/homedetails/1485-Grove-Ave-Upland-CA-91786/17567606_zpid/,"$569,000"
124270074,San Bernardino,Upland,91786,34.098037,-117.702629,http://www.zillow.com/homedetails/295-Golden-Bear-Ln-Upland-CA-91786/124270074_zpid/,"$650,000"
17567160,San Bernardino,Upland,91786,34.120872,-117.651832,http://www.zillow.com/homedetails/1583-N-Euclid-Ave-Upland-CA-91786/17567160_zpid/,"$799,000"
125127003,San Bernardino,Upland,91786,34.09822,-117.702636,http://www.zillow.com/homedetails/311-Golden-Bear-Ln-Upland-CA-91786/125127003_zpid/,"$710,000"
2104598413,San Bernardino,Upland,91786,34.107254,-117.638935,http://www.zillow.com/homedetails/929-E-Foothill-Blvd-Upland-CA-91786/2104598413_zpid/,"$133,000"
82912905,San Bernardino,Upland,91786,34.110907,-117.63914,http://www.zillow.com/homedetails/929-E-Foothill-Blvd-SPC-213-Upland-CA-91786/82912905_zpid/,"$133,000"
82896813,San Bernardino,Upland,91786,34.110907,-117.63914,http://www.zillow.com/homedetails/929-E-Foothill-Blvd-SPC-216-Upland-CA-91786/82896813_zpid/,"$115,000"
17517205,San Bernardino,Upland,91786,34.115359,-117.670602,http://www.zillow.com/homedetails/1431-N-Mountain-Ave-Upland-CA-91786/17517205_zpid/,"$444,500"
